node_id,timestamp,packet_count,battery_level,error_rate,signal_strength,transmission_delay,status,anomaly_score,is_anomaly,explanation
Node_1,2026-05-21 08:10:13,45,77.9,0.045,-60.9,14.3,normal,-0.1719,False,
Node_2,2026-05-21 08:10:13,45,83.29,0.053,-63.6,9.2,normal,-0.1497,False,
Node_3,2026-05-21 08:10:13,22,89.32,0.055,-50.8,19.0,normal,-0.1613,False,
Node_4,2026-05-21 08:10:13,44,91.59,0.017,-47.7,5.3,normal,-0.0837,False,
Node_5,2026-05-21 08:10:13,22,8.75,0.091,-66.7,28.5,energy_drop,-0.0759,True,Node_5 pil seviyesinde ani düşüş olduğu için enerji anomalisi tespit edildi.
Node_6,2026-05-21 08:10:13,5,20.34,0.674,-62.7,414.3,node_failure,0.0494,True,Node_6 düğüm arızası olasılığı nedeniyle riskli olarak işaretlendi.
Node_7,2026-05-21 08:10:13,33,70.49,0.024,-60.8,21.1,node_silence,-0.192,True,Node_7 uzun süre veri göndermediği için sessizlik anomalisi oluştu.
Node_8,2026-05-21 08:10:13,21,81.71,0.033,-51.0,10.6,normal,-0.18,False,
Node_9,2026-05-21 08:10:13,8,71.21,0.181,-76.8,224.0,packet_loss,0.0304,True,Node_9 yüksek iletim gecikmesi nedeniyle paket kaybı riski taşıyor.
Node_10,2026-05-21 08:10:13,29,95.25,0.039,-62.4,17.6,normal,-0.1386,False,
Node_10,2026-05-21 08:10:33,28,95.08,0.042,-58.7,13.9,normal,-0.1393,False,
Node_9,2026-05-21 08:10:33,20,71.01,0.041,-60.8,23.9,normal,-0.1849,False,
Node_8,2026-05-21 08:10:33,16,81.52,0.061,-52.8,18.5,normal,-0.1635,False,
Node_7,2026-05-21 08:10:33,42,70.31,0.05,-63.7,17.8,normal,-0.1798,False,
Node_6,2026-05-21 08:10:33,44,70.3,0.011,-64.3,9.8,normal,-0.1467,False,
Node_3,2026-05-21 08:10:33,25,89.12,0.014,-57.3,6.1,normal,-0.1242,False,
Node_4,2026-05-21 08:10:33,34,91.36,0.055,-50.6,14.3,normal,-0.1477,False,
Node_2,2026-05-21 08:10:33,23,83.08,0.512,-59.0,63.4,communication_error,-0.0236,True,Node_2 yüksek hata oranı nedeniyle iletişim problemi olarak işaretlendi.
Node_1,2026-05-21 08:10:33,42,77.66,0.036,-49.3,8.1,normal,-0.1577,False,
Node_5,2026-05-21 08:10:33,21,7.46,0.049,-52.7,19.6,energy_drop,-0.1001,True,Node_5 pil seviyesinde ani düşüş olduğu için enerji anomalisi tespit edildi.
Node_7,2026-05-21 08:10:53,26,70.08,0.049,-62.1,26.4,node_silence,-0.1929,True,Node_7 uzun süre veri göndermediği için sessizlik anomalisi oluştu.
Node_10,2026-05-21 08:10:53,44,94.94,0.049,-51.2,23.7,normal,-0.113,False,
Node_9,2026-05-21 08:10:53,26,70.81,0.018,-59.8,14.4,normal,-0.1905,False,
Node_8,2026-05-21 08:10:53,40,81.43,0.062,-64.5,19.8,normal,-0.1585,False,
Node_6,2026-05-21 08:10:53,17,70.08,0.057,-46.0,20.9,normal,-0.1598,False,
Node_3,2026-05-21 08:10:53,210,88.96,0.086,-62.1,15.1,suspicious_activity,-0.0106,True,Node_3 normalden fazla veri gönderdiği için şüpheli aktivite olarak işaretlendi.
Node_4,2026-05-21 08:10:53,15,91.26,0.011,-62.9,19.8,normal,-0.09,False,
Node_2,2026-05-21 08:10:53,35,82.84,0.555,-74.5,56.9,communication_error,0.0201,True,Node_2 yüksek hata oranı nedeniyle iletişim problemi olarak işaretlendi.
Node_1,2026-05-21 08:10:53,36,77.48,0.02,-57.4,20.6,normal,-0.1722,False,
Node_5,2026-05-21 08:10:53,23,92.14,0.079,-57.4,24.7,normal,-0.1292,False,
Node_10,2026-05-21 08:11:13,29,94.82,0.026,-46.5,16.6,normal,-0.1099,False,
Node_9,2026-05-21 08:11:13,9,70.62,0.248,-59.1,263.6,packet_loss,0.0084,True,Node_9 yüksek iletim gecikmesi nedeniyle paket kaybı riski taşıyor.
Node_8,2026-05-21 08:11:13,39,81.36,0.058,-60.4,22.4,normal,-0.1727,False,
Node_7,2026-05-21 08:11:13,28,70.02,0.029,-56.7,5.7,normal,-0.1764,False,
Node_6,2026-05-21 08:11:13,32,69.95,0.018,-61.0,23.9,normal,-0.1791,False,
Node_4,2026-05-21 08:11:13,40,91.04,0.011,-61.7,5.6,normal,-0.1039,False,
Node_3,2026-05-21 08:11:13,329,88.88,0.055,-66.8,28.7,suspicious_activity,0.0558,True,Node_3 normalden fazla veri gönderdiği için şüpheli aktivite olarak işaretlendi.
Node_2,2026-05-21 08:11:13,27,82.69,0.054,-58.8,22.6,normal,-0.1858,False,
Node_1,2026-05-21 08:11:13,22,77.35,0.016,-60.2,9.2,normal,-0.1663,False,
Node_5,2026-05-21 08:11:13,13,9.02,0.088,-77.7,45.5,energy_drop,-0.0006,True,Node_5 pil seviyesinde ani düşüş olduğu için enerji anomalisi tespit edildi.
Node_7,2026-05-21 08:11:33,27,69.84,0.014,-53.1,13.9,normal,-0.1857,False,
Node_10,2026-05-21 08:11:33,29,94.74,0.048,-64.4,22.3,normal,-0.1168,False,
Node_9,2026-05-21 08:11:33,40,70.41,0.028,-53.6,16.7,normal,-0.1846,False,
Node_8,2026-05-21 08:11:33,38,81.19,0.035,-45.7,13.2,normal,-0.1438,False,
Node_6,2026-05-21 08:11:33,3,34.31,0.679,-51.6,252.5,node_failure,0.0205,True,Node_6 düğüm arızası olasılığı nedeniyle riskli olarak işaretlendi.
Node_3,2026-05-21 08:11:33,323,88.78,0.108,-50.7,16.6,suspicious_activity,0.059,True,Node_3 normalden fazla veri gönderdiği için şüpheli aktivite olarak işaretlendi.
Node_4,2026-05-21 08:11:33,20,90.97,0.067,-58.7,20.7,normal,-0.1559,False,
Node_1,2026-05-21 08:11:33,28,77.18,0.046,-55.0,21.8,normal,-0.192,False,
Node_5,2026-05-21 08:11:33,20,6.33,0.032,-66.4,44.0,energy_drop,-0.0767,True,Node_5 pil seviyesinde ani düşüş olduğu için enerji anomalisi tespit edildi.
Node_2,2026-05-21 08:11:33,41,82.48,0.022,-54.1,23.3,normal,-0.1659,False,
Node_1,2026-05-21 08:11:53,35,77.05,0.023,-55.4,21.3,normal,-0.1846,False,
Node_2,2026-05-21 08:11:53,14,82.24,0.577,-58.9,49.2,communication_error,-0.0155,True,Node_2 yüksek hata oranı nedeniyle iletişim problemi olarak işaretlendi.
Node_3,2026-05-21 08:11:53,281,88.7,0.121,-54.4,35.6,suspicious_activity,0.0501,True,Node_3 normalden fazla veri gönderdiği için şüpheli aktivite olarak işaretlendi.
Node_4,2026-05-21 08:11:53,32,90.79,0.069,-45.1,5.1,normal,-0.0768,False,
Node_6,2026-05-21 08:11:53,5,36.14,0.602,-67.9,482.5,node_failure,0.0635,True,Node_6 düğüm arızası olasılığı nedeniyle riskli olarak işaretlendi.
Node_7,2026-05-21 08:11:53,34,69.65,0.055,-61.1,21.0,normal,-0.2003,False,
Node_8,2026-05-21 08:11:53,22,81.09,0.078,-59.7,18.6,normal,-0.1713,False,
Node_9,2026-05-21 08:11:53,20,70.16,0.056,-50.3,22.1,normal,-0.1967,False,
Node_10,2026-05-21 08:11:53,26,94.64,0.048,-60.3,14.7,normal,-0.1414,False,
Node_5,2026-05-21 08:11:53,41,91.59,0.012,-63.1,15.4,normal,-0.1045,False,
Node_10,2026-05-21 08:12:13,26,94.46,0.035,-47.5,10.7,normal,-0.1282,False,
Node_7,2026-05-21 08:12:13,31,69.59,0.053,-48.7,18.0,normal,-0.1996,False,
Node_9,2026-05-21 08:12:13,42,70.08,0.059,-62.0,23.0,normal,-0.1808,False,
Node_8,2026-05-21 08:12:13,39,80.85,0.02,-49.2,20.9,normal,-0.1611,False,
Node_6,2026-05-21 08:12:13,17,69.73,0.055,-56.2,17.3,normal,-0.1915,False,
Node_4,2026-05-21 08:12:13,30,90.59,0.032,-53.7,10.6,normal,-0.1546,False,
Node_3,2026-05-21 08:12:13,29,88.54,0.025,-61.9,14.4,normal,-0.164,False,
Node_2,2026-05-21 08:12:13,21,82.11,0.375,-78.8,64.1,communication_error,0.0135,True,Node_2 yüksek hata oranı nedeniyle iletişim problemi olarak işaretlendi.
Node_1,2026-05-21 08:12:13,30,76.84,0.019,-52.0,10.9,normal,-0.1728,False,
Node_5,2026-05-21 08:12:13,26,6.94,0.088,-79.3,48.4,energy_drop,0.0186,True,Node_5 pil seviyesinde ani düşüş olduğu için enerji anomalisi tespit edildi.
Node_10,2026-05-21 08:12:33,22,94.38,0.056,-53.2,22.0,normal,-0.1311,False,
Node_9,2026-05-21 08:12:33,13,69.99,0.299,-52.0,144.7,packet_loss,-0.0138,True,Node_9 yüksek iletim gecikmesi nedeniyle paket kaybı riski taşıyor.
Node_8,2026-05-21 08:12:33,29,80.74,0.031,-53.4,20.6,normal,-0.1863,False,
Node_7,2026-05-21 08:12:33,43,69.43,0.049,-52.0,11.9,normal,-0.1891,False,
Node_6,2026-05-21 08:12:33,5,13.75,0.901,-65.6,318.2,node_failure,0.05,True,Node_6 düğüm arızası olasılığı nedeniyle riskli olarak işaretlendi.
Node_5,2026-05-21 08:12:33,19,14.68,0.056,-63.7,45.6,energy_drop,-0.0895,True,Node_5 pil seviyesinde ani düşüş olduğu için enerji anomalisi tespit edildi.
Node_3,2026-05-21 08:12:33,31,88.46,0.044,-50.2,5.9,normal,-0.1475,False,
Node_2,2026-05-21 08:12:33,31,81.93,0.558,-50.5,70.3,communication_error,0.0104,True,Node_2 yüksek hata oranı nedeniyle iletişim problemi olarak işaretlendi.
Node_1,2026-05-21 08:12:33,21,76.77,0.011,-47.3,18.9,normal,-0.1509,False,
Node_4,2026-05-21 08:12:33,40,90.48,0.061,-51.5,19.7,normal,-0.1476,False,
Node_7,2026-05-21 08:12:53,15,69.34,0.032,-59.1,6.3,normal,-0.159,False,
Node_10,2026-05-21 08:12:53,36,94.26,0.079,-55.8,18.6,normal,-0.1209,False,
Node_9,2026-05-21 08:12:53,14,69.9,0.209,-75.1,208.7,packet_loss,-0.0,True,Node_9 yüksek iletim gecikmesi nedeniyle paket kaybı riski taşıyor.
Node_8,2026-05-21 08:12:53,44,80.52,0.049,-55.6,5.0,normal,-0.1495,False,
Node_6,2026-05-21 08:12:53,1,39.42,0.909,-65.0,292.2,node_failure,0.0469,True,Node_6 düğüm arızası olasılığı nedeniyle riskli olarak işaretlendi.
Node_3,2026-05-21 08:12:53,17,88.33,0.078,-62.0,7.7,normal,-0.1376,False,
Node_4,2026-05-21 08:12:53,20,90.3,0.071,-47.1,21.1,normal,-0.1331,False,
Node_1,2026-05-21 08:12:53,15,76.65,0.041,-46.9,10.3,normal,-0.1339,False,
Node_5,2026-05-21 08:12:53,15,91.26,0.028,-47.7,16.4,normal,-0.1046,False,
Node_2,2026-05-21 08:12:53,26,81.75,0.686,-76.0,73.8,communication_error,0.0498,True,Node_2 yüksek hata oranı nedeniyle iletişim problemi olarak işaretlendi.
Node_1,2026-05-21 08:13:13,30,76.6,0.013,-61.9,13.9,normal,-0.1734,False,
Node_2,2026-05-21 08:13:13,38,81.57,0.016,-47.5,5.5,normal,-0.1245,False,
Node_3,2026-05-21 08:13:13,184,88.14,0.095,-68.0,17.9,suspicious_activity,0.0011,True,Node_3 normalden fazla veri gönderdiği için şüpheli aktivite olarak işaretlendi.
Node_4,2026-05-21 08:13:13,15,90.13,0.042,-50.1,24.9,normal,-0.1112,False,
Node_5,2026-05-21 08:13:13,17,10.9,0.079,-66.1,27.9,energy_drop,-0.0923,True,Node_5 pil seviyesinde ani düşüş olduğu için enerji anomalisi tespit edildi.
Node_6,2026-05-21 08:13:13,1,14.54,0.708,-73.1,209.5,node_failure,0.0479,True,Node_6 düğüm arızası olasılığı nedeniyle riskli olarak işaretlendi.
Node_7,2026-05-21 08:13:13,32,69.21,0.023,-49.3,23.6,normal,-0.1856,False,
Node_8,2026-05-21 08:13:13,17,80.43,0.038,-54.7,12.3,normal,-0.1676,False,
Node_9,2026-05-21 08:13:13,24,69.7,0.264,-74.6,276.4,packet_loss,0.0341,True,Node_9 yüksek iletim gecikmesi nedeniyle paket kaybı riski taşıyor.
Node_10,2026-05-21 08:13:13,37,94.19,0.056,-57.8,18.3,normal,-0.1319,False,
Node_7,2026-05-21 08:13:33,33,69.03,0.088,-72.3,19.1,node_silence,-0.1207,True,Node_7 uzun süre veri göndermediği için sessizlik anomalisi oluştu.
Node_10,2026-05-21 08:13:33,45,94.11,0.077,-54.4,16.7,normal,-0.106,False,
Node_9,2026-05-21 08:13:33,20,69.59,0.022,-50.0,7.0,normal,-0.1727,False,
Node_8,2026-05-21 08:13:33,20,80.28,0.041,-64.8,11.3,normal,-0.1619,False,
Node_6,2026-05-21 08:13:33,2,38.31,0.668,-64.3,338.4,node_failure,0.0126,True,Node_6 düğüm arızası olasılığı nedeniyle riskli olarak işaretlendi.
Node_5,2026-05-21 08:13:33,34,90.96,0.028,-56.4,16.2,normal,-0.1483,False,
Node_4,2026-05-21 08:13:33,30,90.06,0.035,-64.6,6.6,normal,-0.1211,False,
Node_3,2026-05-21 08:13:33,188,88.02,0.098,-78.4,23.3,suspicious_activity,0.0451,True,Node_3 normalden fazla veri gönderdiği için şüpheli aktivite olarak işaretlendi.
Node_2,2026-05-21 08:13:33,21,81.35,0.014,-51.6,18.4,normal,-0.166,False,
Node_1,2026-05-21 08:13:33,34,76.37,0.054,-61.6,12.4,normal,-0.1909,False,
Node_10,2026-05-21 08:13:53,36,93.88,0.052,-61.3,12.7,normal,-0.1311,False,
Node_9,2026-05-21 08:13:53,27,69.51,0.025,-63.4,20.5,normal,-0.1915,False,
Node_8,2026-05-21 08:13:53,41,80.08,0.056,-64.8,5.9,normal,-0.1365,False,
Node_7,2026-05-21 08:13:53,23,68.85,0.011,-60.2,22.0,normal,-0.1829,False,
Node_6,2026-05-21 08:13:53,1,27.92,0.779,-60.8,230.0,node_failure,0.0249,True,Node_6 düğüm arızası olasılığı nedeniyle riskli olarak işaretlendi.
Node_5,2026-05-21 08:13:53,28,90.86,0.023,-60.1,15.6,normal,-0.1471,False,
Node_4,2026-05-21 08:13:53,37,89.96,0.05,-53.4,22.7,normal,-0.1424,False,
Node_3,2026-05-21 08:13:53,333,87.91,0.073,-66.6,24.9,suspicious_activity,0.0472,True,Node_3 normalden fazla veri gönderdiği için şüpheli aktivite olarak işaretlendi.
Node_2,2026-05-21 08:13:53,13,81.2,0.517,-69.0,30.8,communication_error,-0.021,True,Node_2 yüksek hata oranı nedeniyle iletişim problemi olarak işaretlendi.
Node_1,2026-05-21 08:13:53,16,76.17,0.051,-56.0,18.3,normal,-0.1726,False,
Node_9,2026-05-21 08:14:13,9,69.31,0.323,-76.9,165.7,packet_loss,0.0178,True,Node_9 yüksek iletim gecikmesi nedeniyle paket kaybı riski taşıyor.
Node_8,2026-05-21 08:14:13,35,79.85,0.067,-47.5,24.4,normal,-0.1638,False,
Node_7,2026-05-21 08:14:13,24,68.69,0.015,-54.3,8.7,normal,-0.1844,False,
Node_10,2026-05-21 08:14:13,37,93.7,0.065,-55.6,24.9,normal,-0.1166,False,
Node_6,2026-05-21 08:14:13,0,38.71,0.879,-65.8,221.7,node_failure,0.0358,True,Node_6 düğüm arızası olasılığı nedeniyle riskli olarak işaretlendi.
Node_4,2026-05-21 08:14:13,27,89.79,0.065,-56.9,24.0,normal,-0.158,False,
Node_1,2026-05-21 08:14:13,21,76.05,0.016,-55.7,10.2,normal,-0.1715,False,
Node_5,2026-05-21 08:14:13,29,90.62,0.049,-48.6,12.2,normal,-0.1451,False,
Node_3,2026-05-21 08:14:13,224,87.72,0.057,-54.9,14.2,suspicious_activity,-0.0345,True,Node_3 normalden fazla veri gönderdiği için şüpheli aktivite olarak işaretlendi.
Node_2,2026-05-21 08:14:13,41,81.15,0.021,-47.3,21.6,normal,-0.1478,False,
Node_10,2026-05-21 08:14:33,43,93.49,0.071,-59.1,21.0,normal,-0.1168,False,
Node_9,2026-05-21 08:14:33,24,69.19,0.025,-57.8,15.0,normal,-0.2002,False,
Node_8,2026-05-21 08:14:33,15,79.72,0.074,-50.8,19.1,normal,-0.1549,False,
Node_6,2026-05-21 08:14:33,3,28.69,0.783,-72.2,207.2,node_failure,0.0125,True,Node_6 düğüm arızası olasılığı nedeniyle riskli olarak işaretlendi.
Node_7,2026-05-21 08:14:33,44,68.58,0.054,-57.8,23.5,normal,-0.1839,False,
Node_4,2026-05-21 08:14:33,19,89.58,0.034,-54.8,5.7,normal,-0.1298,False,
Node_3,2026-05-21 08:14:33,243,87.54,0.12,-64.1,11.3,suspicious_activity,0.0296,True,Node_3 normalden fazla veri gönderdiği için şüpheli aktivite olarak işaretlendi.
Node_2,2026-05-21 08:14:33,32,80.95,0.039,-49.9,17.1,normal,-0.1899,False,
Node_1,2026-05-21 08:14:33,26,75.93,0.075,-48.4,24.2,normal,-0.1735,False,
Node_5,2026-05-21 08:14:33,26,90.44,0.035,-56.7,8.3,normal,-0.1512,False,
Node_10,2026-05-21 08:14:53,40,93.25,0.017,-45.9,8.0,normal,-0.0697,False,
Node_9,2026-05-21 08:14:53,22,69.04,0.016,-50.3,17.9,normal,-0.1881,False,
Node_8,2026-05-21 08:14:53,28,79.53,0.074,-53.3,10.9,normal,-0.1812,False,
Node_7,2026-05-21 08:14:53,30,68.34,0.071,-77.9,22.3,node_silence,-0.0874,True,Node_7 uzun süre veri göndermediği için sessizlik anomalisi oluştu.
Node_6,2026-05-21 08:14:53,22,68.56,0.029,-47.0,12.8,normal,-0.177,False,
Node_5,2026-05-21 08:14:53,12,6.29,0.042,-79.1,35.7,energy_drop,0.0079,True,Node_5 pil seviyesinde ani düşüş olduğu için enerji anomalisi tespit edildi.
Node_3,2026-05-21 08:14:53,24,87.4,0.066,-57.3,23.1,normal,-0.1752,False,
Node_2,2026-05-21 08:14:53,35,80.79,0.56,-73.0,63.7,communication_error,0.0139,True,Node_2 yüksek hata oranı nedeniyle iletişim problemi olarak işaretlendi.
Node_1,2026-05-21 08:14:53,26,75.85,0.069,-60.7,5.1,normal,-0.1666,False,
Node_4,2026-05-21 08:14:53,18,89.39,0.076,-61.4,23.0,normal,-0.1506,False,
Node_10,2026-05-21 08:15:13,28,93.04,0.042,-60.4,17.2,normal,-0.1477,False,
Node_9,2026-05-21 08:15:13,24,68.92,0.325,-70.4,225.8,packet_loss,0.0011,True,Node_9 yüksek iletim gecikmesi nedeniyle paket kaybı riski taşıyor.
Node_8,2026-05-21 08:15:13,35,79.31,0.065,-63.6,16.5,normal,-0.1743,False,
Node_7,2026-05-21 08:15:13,33,68.24,0.064,-68.7,20.2,node_silence,-0.1501,True,Node_7 uzun süre veri göndermediği için sessizlik anomalisi oluştu.
Node_6,2026-05-21 08:15:13,5,20.75,0.915,-73.8,478.3,node_failure,0.103,True,Node_6 düğüm arızası olasılığı nedeniyle riskli olarak işaretlendi.
Node_4,2026-05-21 08:15:13,35,89.21,0.075,-46.5,17.6,normal,-0.1385,False,
Node_3,2026-05-21 08:15:13,45,87.16,0.072,-47.7,18.3,normal,-0.1399,False,
Node_2,2026-05-21 08:15:13,34,80.63,0.021,-56.5,19.5,normal,-0.1797,False,
Node_1,2026-05-21 08:15:13,26,75.76,0.031,-62.9,17.7,normal,-0.1916,False,
Node_5,2026-05-21 08:15:13,29,90.08,0.041,-54.1,15.5,normal,-0.1591,False,
Node_7,2026-05-21 08:15:33,32,68.17,0.026,-50.6,7.8,normal,-0.1862,False,
Node_10,2026-05-21 08:15:33,44,92.81,0.014,-47.6,15.7,normal,-0.098,False,
Node_9,2026-05-21 08:15:33,11,68.86,0.171,-73.0,249.6,packet_loss,0.0183,True,Node_9 yüksek iletim gecikmesi nedeniyle paket kaybı riski taşıyor.
Node_8,2026-05-21 08:15:33,35,79.24,0.063,-63.8,18.2,normal,-0.1751,False,
Node_6,2026-05-21 08:15:33,36,68.18,0.045,-55.2,8.6,normal,-0.1924,False,
Node_2,2026-05-21 08:15:33,33,80.5,0.444,-54.1,68.7,communication_error,-0.0098,True,Node_2 yüksek hata oranı nedeniyle iletişim problemi olarak işaretlendi.
Node_4,2026-05-21 08:15:33,41,88.96,0.056,-64.3,23.4,normal,-0.1303,False,
Node_1,2026-05-21 08:15:33,29,75.6,0.069,-64.6,17.9,normal,-0.1784,False,
Node_5,2026-05-21 08:15:33,18,6.53,0.032,-58.7,29.3,energy_drop,-0.0978,True,Node_5 pil seviyesinde ani düşüş olduğu için enerji anomalisi tespit edildi.
Node_3,2026-05-21 08:15:33,269,87.04,0.081,-70.6,21.5,suspicious_activity,0.0344,True,Node_3 normalden fazla veri gönderdiği için şüpheli aktivite olarak işaretlendi.
Node_1,2026-05-21 08:15:53,21,75.45,0.026,-49.6,16.3,normal,-0.1864,False,
Node_2,2026-05-21 08:15:53,12,80.41,0.724,-77.8,64.4,communication_error,0.0534,True,Node_2 yüksek hata oranı nedeniyle iletişim problemi olarak işaretlendi.
Node_3,2026-05-21 08:15:53,25,86.8,0.058,-53.1,10.0,normal,-0.1758,False,
Node_4,2026-05-21 08:15:53,19,88.84,0.075,-55.5,6.7,normal,-0.1327,False,
Node_5,2026-05-21 08:15:53,14,11.96,0.076,-59.5,22.0,energy_drop,-0.0915,True,Node_5 pil seviyesinde ani düşüş olduğu için enerji anomalisi tespit edildi.
Node_6,2026-05-21 08:15:53,3,12.43,0.857,-77.6,347.9,node_failure,0.0684,True,Node_6 düğüm arızası olasılığı nedeniyle riskli olarak işaretlendi.
Node_7,2026-05-21 08:15:53,33,68.06,0.035,-66.8,14.0,node_silence,-0.1696,True,Node_7 uzun süre veri göndermediği için sessizlik anomalisi oluştu.
Node_8,2026-05-21 08:15:53,38,79.09,0.072,-60.5,16.0,normal,-0.1749,False,
Node_9,2026-05-21 08:15:53,15,68.67,0.249,-58.0,207.6,packet_loss,-0.0258,True,Node_9 yüksek iletim gecikmesi nedeniyle paket kaybı riski taşıyor.
Node_10,2026-05-21 08:15:53,28,92.71,0.015,-57.7,17.5,normal,-0.1276,False,
Node_10,2026-05-21 08:16:13,16,92.64,0.057,-55.5,10.9,normal,-0.1182,False,
Node_9,2026-05-21 08:16:13,23,68.55,0.154,-65.3,262.7,packet_loss,-0.0123,True,Node_9 yüksek iletim gecikmesi nedeniyle paket kaybı riski taşıyor.
Node_8,2026-05-21 08:16:13,31,78.89,0.077,-58.8,9.5,normal,-0.172,False,
Node_6,2026-05-21 08:16:13,26,67.73,0.018,-46.9,7.9,normal,-0.1598,False,
Node_7,2026-05-21 08:16:13,19,67.99,0.024,-58.7,19.4,normal,-0.1929,False,
Node_4,2026-05-21 08:16:13,38,88.7,0.075,-56.9,24.2,normal,-0.147,False,
Node_3,2026-05-21 08:16:13,19,86.55,0.042,-53.3,7.6,normal,-0.1546,False,
Node_2,2026-05-21 08:16:13,29,80.24,0.742,-66.9,78.5,communication_error,0.0363,True,Node_2 yüksek hata oranı nedeniyle iletişim problemi olarak işaretlendi.
Node_1,2026-05-21 08:16:13,25,75.22,0.077,-46.4,6.2,normal,-0.1347,False,
Node_5,2026-05-21 08:16:13,21,8.41,0.021,-51.7,44.2,energy_drop,-0.0639,True,Node_5 pil seviyesinde ani düşüş olduğu için enerji anomalisi tespit edildi.
Node_10,2026-05-21 08:16:33,26,92.57,0.018,-46.4,13.7,normal,-0.1027,False,
Node_9,2026-05-21 08:16:33,16,68.36,0.21,-62.9,267.5,packet_loss,0.0006,True,Node_9 yüksek iletim gecikmesi nedeniyle paket kaybı riski taşıyor.
Node_8,2026-05-21 08:16:33,42,78.8,0.02,-58.8,13.5,normal,-0.1635,False,
Node_7,2026-05-21 08:16:33,23,67.91,0.032,-61.5,15.4,node_silence,-0.2033,True,Node_7 uzun süre veri göndermediği için sessizlik anomalisi oluştu.
Node_6,2026-05-21 08:16:33,1,18.2,0.671,-64.6,229.7,node_failure,0.0335,True,Node_6 düğüm arızası olasılığı nedeniyle riskli olarak işaretlendi.
Node_5,2026-05-21 08:16:33,30,11.44,0.039,-78.2,38.7,energy_drop,-0.0113,True,Node_5 pil seviyesinde ani düşüş olduğu için enerji anomalisi tespit edildi.
Node_3,2026-05-21 08:16:33,26,86.47,0.073,-60.3,20.3,normal,-0.1771,False,
Node_2,2026-05-21 08:16:33,14,80.06,0.745,-50.4,36.0,communication_error,0.037,True,Node_2 yüksek hata oranı nedeniyle iletişim problemi olarak işaretlendi.
Node_1,2026-05-21 08:16:33,27,75.02,0.033,-48.1,13.5,normal,-0.1832,False,
Node_4,2026-05-21 08:16:33,38,88.46,0.072,-45.1,18.4,normal,-0.1061,False,
Node_8,2026-05-21 08:16:53,17,78.69,0.063,-51.7,7.5,normal,-0.1577,False,
Node_10,2026-05-21 08:16:53,26,92.42,0.032,-46.8,14.8,normal,-0.1231,False,
Node_9,2026-05-21 08:16:53,11,68.19,0.213,-54.8,142.8,packet_loss,-0.0355,True,Node_9 yüksek iletim gecikmesi nedeniyle paket kaybı riski taşıyor.
Node_5,2026-05-21 08:16:53,15,14.83,0.043,-62.3,41.1,energy_drop,-0.0863,True,Node_5 pil seviyesinde ani düşüş olduğu için enerji anomalisi tespit edildi.
Node_7,2026-05-21 08:16:53,36,67.67,0.05,-59.8,17.6,node_silence,-0.2,True,Node_7 uzun süre veri göndermediği için sessizlik anomalisi oluştu.
Node_6,2026-05-21 08:16:53,39,67.35,0.026,-61.7,12.1,normal,-0.1856,False,
Node_1,2026-05-21 08:16:53,36,74.91,0.033,-50.4,13.2,normal,-0.1892,False,
Node_2,2026-05-21 08:16:53,35,79.95,0.063,-51.1,24.9,normal,-0.177,False,
Node_4,2026-05-21 08:16:53,22,88.37,0.033,-54.6,17.7,normal,-0.1746,False,
Node_3,2026-05-21 08:16:53,316,86.22,0.088,-63.5,19.8,suspicious_activity,0.0313,True,Node_3 normalden fazla veri gönderdiği için şüpheli aktivite olarak işaretlendi.
Node_1,2026-05-21 08:17:13,37,74.74,0.076,-48.0,10.2,normal,-0.1663,False,
Node_2,2026-05-21 08:17:13,20,79.83,0.038,-51.0,7.7,normal,-0.1667,False,
Node_3,2026-05-21 08:17:13,305,86.1,0.144,-76.6,16.9,suspicious_activity,0.0844,True,Node_3 normalden fazla veri gönderdiği için şüpheli aktivite olarak işaretlendi.
Node_4,2026-05-21 08:17:13,37,88.28,0.037,-47.6,10.8,normal,-0.1533,False,
Node_6,2026-05-21 08:17:13,19,67.23,0.016,-58.4,18.4,normal,-0.1876,False,
Node_7,2026-05-21 08:17:13,39,67.42,0.021,-73.0,29.8,node_silence,-0.0993,True,Node_7 uzun süre veri göndermediği için sessizlik anomalisi oluştu.
Node_8,2026-05-21 08:17:13,21,78.47,0.074,-57.4,14.6,normal,-0.1792,False,
Node_9,2026-05-21 08:17:13,17,68.09,0.07,-62.1,21.9,normal,-0.1896,False,
Node_10,2026-05-21 08:17:13,44,92.26,0.057,-54.1,7.7,normal,-0.1221,False,
Node_5,2026-05-21 08:17:13,15,89.32,0.049,-51.8,6.8,normal,-0.1229,False,
Node_10,2026-05-21 08:17:33,17,92.21,0.014,-63.6,13.0,normal,-0.0903,False,
Node_6,2026-05-21 08:17:33,3,25.96,0.604,-73.5,221.8,node_failure,0.0127,True,Node_6 düğüm arızası olasılığı nedeniyle riskli olarak işaretlendi.
Node_9,2026-05-21 08:17:33,18,67.97,0.282,-79.4,245.5,packet_loss,0.026,True,Node_9 yüksek iletim gecikmesi nedeniyle paket kaybı riski taşıyor.
Node_8,2026-05-21 08:17:33,39,78.24,0.038,-57.4,15.5,normal,-0.1794,False,
Node_7,2026-05-21 08:17:33,16,67.33,0.01,-49.7,18.4,normal,-0.1565,False,
Node_5,2026-05-21 08:17:33,23,89.27,0.014,-52.4,15.1,normal,-0.1408,False,
Node_3,2026-05-21 08:17:33,39,85.94,0.059,-62.9,24.7,normal,-0.153,False,
Node_2,2026-05-21 08:17:33,13,79.77,0.422,-54.6,75.1,communication_error,-0.0151,True,Node_2 yüksek hata oranı nedeniyle iletişim problemi olarak işaretlendi.
Node_1,2026-05-21 08:17:33,33,74.52,0.032,-48.2,10.8,normal,-0.1846,False,
Node_4,2026-05-21 08:17:33,42,88.14,0.031,-60.4,19.1,normal,-0.1596,False,
Node_10,2026-05-21 08:17:53,17,92.11,0.063,-59.6,16.3,normal,-0.1313,False,
Node_9,2026-05-21 08:17:53,21,67.74,0.325,-71.7,200.4,packet_loss,0.0,True,Node_9 yüksek iletim gecikmesi nedeniyle paket kaybı riski taşıyor.
Node_8,2026-05-21 08:17:53,16,78.07,0.044,-60.2,21.0,normal,-0.1618,False,
Node_7,2026-05-21 08:17:53,19,67.2,0.024,-73.0,11.8,node_silence,-0.1185,True,Node_7 uzun süre veri göndermediği için sessizlik anomalisi oluştu.
Node_6,2026-05-21 08:17:53,4,24.57,0.68,-71.2,422.7,node_failure,0.0481,True,Node_6 düğüm arızası olasılığı nedeniyle riskli olarak işaretlendi.
Node_4,2026-05-21 08:17:53,36,87.98,0.026,-48.3,11.9,normal,-0.1535,False,
Node_3,2026-05-21 08:17:53,184,85.79,0.11,-71.0,25.0,suspicious_activity,0.0142,True,Node_3 normalden fazla veri gönderdiği için şüpheli aktivite olarak işaretlendi.
Node_2,2026-05-21 08:17:53,20,79.63,0.516,-78.7,38.4,communication_error,0.0144,True,Node_2 yüksek hata oranı nedeniyle iletişim problemi olarak işaretlendi.
Node_1,2026-05-21 08:17:53,40,74.27,0.074,-51.7,23.6,normal,-0.1757,False,
Node_5,2026-05-21 08:17:53,13,10.73,0.041,-61.8,41.2,energy_drop,-0.0669,True,Node_5 pil seviyesinde ani düşüş olduğu için enerji anomalisi tespit edildi.
Node_10,2026-05-21 08:18:13,27,91.92,0.036,-64.0,11.0,normal,-0.1311,False,
Node_9,2026-05-21 08:18:13,9,67.53,0.345,-52.6,258.9,packet_loss,0.0291,True,Node_9 yüksek iletim gecikmesi nedeniyle paket kaybı riski taşıyor.
Node_8,2026-05-21 08:18:13,45,78.02,0.044,-63.2,15.8,normal,-0.1612,False,
Node_7,2026-05-21 08:18:13,34,67.08,0.024,-57.7,8.2,normal,-0.1803,False,
Node_6,2026-05-21 08:18:13,1,30.0,0.849,-75.3,410.8,node_failure,0.0777,True,Node_6 düğüm arızası olasılığı nedeniyle riskli olarak işaretlendi.
Node_5,2026-05-21 08:18:13,26,10.82,0.026,-76.5,15.2,energy_drop,-0.0427,True,Node_5 pil seviyesinde ani düşüş olduğu için enerji anomalisi tespit edildi.
Node_3,2026-05-21 08:18:13,38,85.65,0.058,-60.2,13.9,normal,-0.1758,False,
Node_1,2026-05-21 08:18:13,38,74.2,0.017,-52.3,9.7,normal,-0.1707,False,
Node_4,2026-05-21 08:18:13,35,87.84,0.019,-61.2,19.2,normal,-0.1582,False,
Node_2,2026-05-21 08:18:13,18,79.54,0.041,-60.7,17.6,normal,-0.1717,False,
Node_1,2026-05-21 08:18:33,33,74.07,0.013,-46.0,16.9,normal,-0.1416,False,
Node_2,2026-05-21 08:18:33,24,79.33,0.702,-61.3,40.3,communication_error,0.0008,True,Node_2 yüksek hata oranı nedeniyle iletişim problemi olarak işaretlendi.
Node_3,2026-05-21 08:18:33,26,85.6,0.016,-47.7,23.5,normal,-0.1487,False,
Node_4,2026-05-21 08:18:33,26,87.6,0.013,-48.8,16.8,normal,-0.1541,False,
Node_5,2026-05-21 08:18:33,17,89.03,0.035,-64.3,11.3,normal,-0.1317,False,
Node_6,2026-05-21 08:18:33,1,32.28,0.605,-66.7,228.4,node_failure,0.0064,True,Node_6 düğüm arızası olasılığı nedeniyle riskli olarak işaretlendi.
Node_7,2026-05-21 08:18:33,21,66.88,0.021,-53.7,7.6,normal,-0.1763,False,
Node_8,2026-05-21 08:18:33,18,77.79,0.079,-58.6,19.6,normal,-0.1712,False,
Node_9,2026-05-21 08:18:33,39,67.4,0.012,-54.7,24.5,normal,-0.1601,False,
Node_10,2026-05-21 08:18:33,22,91.76,0.069,-53.8,18.0,normal,-0.1496,False,
Node_7,2026-05-21 08:18:53,15,66.71,0.035,-54.2,7.0,normal,-0.1644,False,
Node_10,2026-05-21 08:18:53,39,91.52,0.047,-50.6,9.1,normal,-0.1362,False,
Node_9,2026-05-21 08:18:53,10,67.21,0.335,-52.0,214.4,packet_loss,0.014,True,Node_9 yüksek iletim gecikmesi nedeniyle paket kaybı riski taşıyor.
Node_8,2026-05-21 08:18:53,16,77.69,0.062,-58.4,20.9,normal,-0.166,False,
Node_6,2026-05-21 08:18:53,35,66.45,0.073,-49.5,19.0,normal,-0.1976,False,
Node_4,2026-05-21 08:18:53,43,87.38,0.066,-49.7,21.6,normal,-0.161,False,
Node_3,2026-05-21 08:18:53,295,85.51,0.103,-58.4,32.9,suspicious_activity,0.0413,True,Node_3 normalden fazla veri gönderdiği için şüpheli aktivite olarak işaretlendi.
Node_2,2026-05-21 08:18:53,20,79.24,0.353,-58.4,62.7,communication_error,-0.0543,True,Node_2 yüksek hata oranı nedeniyle iletişim problemi olarak işaretlendi.
Node_1,2026-05-21 08:18:53,20,73.88,0.072,-45.7,18.1,normal,-0.1499,False,
Node_5,2026-05-21 08:18:53,17,88.9,0.019,-63.6,21.6,normal,-0.1234,False,
Node_5,2026-05-21 08:19:13,28,13.31,0.08,-66.8,49.6,energy_drop,-0.07,True,Node_5 pil seviyesinde ani düşüş olduğu için enerji anomalisi tespit edildi.
Node_1,2026-05-21 08:19:13,20,73.8,0.057,-54.6,11.8,normal,-0.191,False,
Node_2,2026-05-21 08:19:13,32,79.04,0.046,-46.2,21.0,normal,-0.154,False,
Node_3,2026-05-21 08:19:13,297,85.46,0.076,-53.4,21.5,suspicious_activity,0.0184,True,Node_3 normalden fazla veri gönderdiği için şüpheli aktivite olarak işaretlendi.
Node_4,2026-05-21 08:19:13,29,87.28,0.048,-52.6,5.3,normal,-0.1492,False,
Node_6,2026-05-21 08:19:13,32,66.36,0.019,-62.9,22.7,normal,-0.1822,False,
Node_7,2026-05-21 08:19:13,45,66.48,0.05,-56.9,24.5,normal,-0.1781,False,
Node_8,2026-05-21 08:19:13,40,77.54,0.038,-55.8,14.4,normal,-0.1842,False,
Node_9,2026-05-21 08:19:13,14,67.14,0.165,-79.5,147.7,packet_loss,0.0204,True,Node_9 yüksek iletim gecikmesi nedeniyle paket kaybı riski taşıyor.
Node_10,2026-05-21 08:19:13,39,91.4,0.065,-62.2,22.8,normal,-0.1378,False,
Node_7,2026-05-21 08:19:33,27,66.37,0.046,-58.3,16.8,node_silence,-0.2094,True,Node_7 uzun süre veri göndermediği için sessizlik anomalisi oluştu.
Node_6,2026-05-21 08:19:33,1,21.69,0.749,-77.0,416.3,node_failure,0.0779,True,Node_6 düğüm arızası olasılığı nedeniyle riskli olarak işaretlendi.
Node_9,2026-05-21 08:19:33,23,67.07,0.207,-72.9,205.5,packet_loss,-0.0037,True,Node_9 yüksek iletim gecikmesi nedeniyle paket kaybı riski taşıyor.
Node_8,2026-05-21 08:19:33,18,77.44,0.065,-62.3,7.1,normal,-0.1594,False,
Node_10,2026-05-21 08:19:33,35,91.35,0.016,-63.4,24.7,normal,-0.1078,False,
Node_5,2026-05-21 08:19:33,22,88.61,0.048,-56.0,19.7,normal,-0.1665,False,
Node_3,2026-05-21 08:19:33,31,85.29,0.054,-52.6,8.5,normal,-0.177,False,
Node_1,2026-05-21 08:19:33,45,73.61,0.012,-54.7,21.6,normal,-0.1508,False,
Node_4,2026-05-21 08:19:33,25,87.1,0.03,-51.4,14.9,normal,-0.1775,False,
Node_2,2026-05-21 08:19:33,15,78.84,0.629,-62.5,71.1,communication_error,-0.0052,True,Node_2 yüksek hata oranı nedeniyle iletişim problemi olarak işaretlendi.
Node_1,2026-05-21 08:19:53,16,73.47,0.047,-60.7,9.1,normal,-0.1674,False,
Node_2,2026-05-21 08:19:53,20,78.68,0.026,-47.4,22.6,normal,-0.1619,False,
Node_3,2026-05-21 08:19:53,274,85.22,0.072,-51.5,31.8,suspicious_activity,0.0318,True,Node_3 normalden fazla veri gönderdiği için şüpheli aktivite olarak işaretlendi.
Node_4,2026-05-21 08:19:53,41,86.88,0.028,-62.4,24.6,normal,-0.1462,False,
Node_5,2026-05-21 08:19:53,31,88.5,0.062,-54.2,11.6,normal,-0.1724,False,
Node_7,2026-05-21 08:19:53,25,66.15,0.045,-69.7,25.2,node_silence,-0.1437,True,Node_7 uzun süre veri göndermediği için sessizlik anomalisi oluştu.
Node_8,2026-05-21 08:19:53,23,77.38,0.075,-62.8,10.3,normal,-0.174,False,
Node_9,2026-05-21 08:19:53,8,66.92,0.254,-79.9,255.3,packet_loss,0.0467,True,Node_9 yüksek iletim gecikmesi nedeniyle paket kaybı riski taşıyor.
Node_10,2026-05-21 08:19:53,20,91.11,0.049,-53.0,7.9,normal,-0.1375,False,
Node_6,2026-05-21 08:19:53,2,39.83,0.923,-60.4,212.1,node_failure,0.0453,True,Node_6 düğüm arızası olasılığı nedeniyle riskli olarak işaretlendi.
Node_10,2026-05-21 08:20:13,28,90.86,0.018,-45.0,15.7,normal,-0.0875,False,
Node_6,2026-05-21 08:20:13,18,65.92,0.072,-62.1,18.6,normal,-0.1954,False,
Node_9,2026-05-21 08:20:13,20,66.76,0.021,-61.9,24.1,normal,-0.1852,False,
Node_8,2026-05-21 08:20:13,37,77.24,0.047,-51.1,19.1,normal,-0.1884,False,
Node_7,2026-05-21 08:20:13,21,65.92,0.054,-64.9,13.1,normal,-0.1864,False,
Node_5,2026-05-21 08:20:13,26,88.33,0.064,-48.2,5.1,normal,-0.1395,False,
Node_3,2026-05-21 08:20:13,45,85.06,0.065,-51.8,21.1,normal,-0.1626,False,
Node_2,2026-05-21 08:20:13,29,78.61,0.464,-51.6,60.8,communication_error,-0.0082,True,Node_2 yüksek hata oranı nedeniyle iletişim problemi olarak işaretlendi.
Node_1,2026-05-21 08:20:13,43,73.33,0.029,-54.0,18.1,normal,-0.1813,False,
Node_4,2026-05-21 08:20:13,32,86.78,0.027,-60.1,19.7,normal,-0.1705,False,
Node_10,2026-05-21 08:20:33,24,90.81,0.076,-56.9,5.6,normal,-0.1258,False,
Node_9,2026-05-21 08:20:33,23,66.58,0.029,-48.5,20.9,normal,-0.1969,False,
Node_8,2026-05-21 08:20:33,28,77.08,0.04,-57.6,14.0,normal,-0.1913,False,
Node_7,2026-05-21 08:20:33,19,65.67,0.03,-79.6,17.7,node_silence,-0.0724,True,Node_7 uzun süre veri göndermediği için sessizlik anomalisi oluştu.
Node_6,2026-05-21 08:20:33,29,65.73,0.074,-51.7,14.4,normal,-0.196,False,
Node_5,2026-05-21 08:20:33,23,11.98,0.077,-68.0,39.8,energy_drop,-0.0725,True,Node_5 pil seviyesinde ani düşüş olduğu için enerji anomalisi tespit edildi.
Node_3,2026-05-21 08:20:33,207,84.97,0.061,-62.5,21.0,suspicious_activity,-0.0355,True,Node_3 normalden fazla veri gönderdiği için şüpheli aktivite olarak işaretlendi.
Node_2,2026-05-21 08:20:33,23,78.41,0.022,-51.8,9.2,normal,-0.1776,False,
Node_1,2026-05-21 08:20:33,38,73.08,0.038,-54.3,5.4,normal,-0.169,False,
Node_4,2026-05-21 08:20:33,28,86.72,0.077,-58.9,16.0,normal,-0.1712,False,
Node_8,2026-05-21 08:20:53,31,76.83,0.073,-49.4,12.2,normal,-0.1768,False,
Node_10,2026-05-21 08:20:53,40,90.68,0.072,-46.6,17.0,normal,-0.1176,False,
Node_9,2026-05-21 08:20:53,39,66.38,0.054,-53.3,21.0,normal,-0.1904,False,
Node_6,2026-05-21 08:20:53,0,16.16,0.817,-73.1,337.7,node_failure,0.0608,True,Node_6 düğüm arızası olasılığı nedeniyle riskli olarak işaretlendi.
Node_7,2026-05-21 08:20:53,43,65.59,0.013,-56.7,15.6,normal,-0.1685,False,
Node_4,2026-05-21 08:20:53,32,86.58,0.032,-54.5,21.4,normal,-0.1791,False,
Node_5,2026-05-21 08:20:53,44,88.17,0.066,-62.8,5.3,normal,-0.1261,False,
Node_3,2026-05-21 08:20:53,307,84.75,0.118,-56.7,33.9,suspicious_activity,0.0497,True,Node_3 normalden fazla veri gönderdiği için şüpheli aktivite olarak işaretlendi.
Node_2,2026-05-21 08:20:53,38,78.18,0.028,-45.5,14.2,normal,-0.1353,False,
Node_1,2026-05-21 08:20:53,41,72.96,0.01,-52.8,15.2,normal,-0.1611,False,
Node_10,2026-05-21 08:21:13,35,90.6,0.08,-53.4,16.1,normal,-0.1397,False,
Node_9,2026-05-21 08:21:13,39,66.33,0.07,-49.3,8.9,normal,-0.1794,False,
Node_8,2026-05-21 08:21:13,41,76.67,0.062,-58.1,20.1,normal,-0.1804,False,
Node_7,2026-05-21 08:21:13,34,65.39,0.033,-58.8,11.8,normal,-0.1944,False,
Node_6,2026-05-21 08:21:13,3,38.79,0.787,-57.7,365.0,node_failure,0.0313,True,Node_6 düğüm arızası olasılığı nedeniyle riskli olarak işaretlendi.
Node_5,2026-05-21 08:21:13,17,9.33,0.027,-55.4,44.3,energy_drop,-0.0723,True,Node_5 pil seviyesinde ani düşüş olduğu için enerji anomalisi tespit edildi.
Node_4,2026-05-21 08:21:13,26,86.5,0.059,-57.6,24.9,normal,-0.171,False,
Node_3,2026-05-21 08:21:13,235,84.55,0.074,-72.5,13.3,suspicious_activity,0.0181,True,Node_3 normalden fazla veri gönderdiği için şüpheli aktivite olarak işaretlendi.
Node_2,2026-05-21 08:21:13,12,78.05,0.737,-74.6,51.8,communication_error,0.0454,True,Node_2 yüksek hata oranı nedeniyle iletişim problemi olarak işaretlendi.
Node_1,2026-05-21 08:21:13,34,72.81,0.065,-65.0,10.8,normal,-0.1749,False,
Node_10,2026-05-21 08:21:33,31,90.39,0.067,-56.4,16.0,normal,-0.1592,False,
Node_9,2026-05-21 08:21:33,22,66.14,0.249,-54.7,137.9,packet_loss,-0.0577,True,Node_9 yüksek iletim gecikmesi nedeniyle paket kaybı riski taşıyor.
Node_8,2026-05-21 08:21:33,20,76.49,0.025,-51.8,21.1,normal,-0.1787,False,
Node_7,2026-05-21 08:21:33,43,65.31,0.017,-52.3,20.6,normal,-0.1675,False,
Node_6,2026-05-21 08:21:33,40,65.27,0.028,-46.4,16.6,normal,-0.1561,False,
Node_5,2026-05-21 08:21:33,38,87.78,0.073,-63.6,18.6,normal,-0.1542,False,
Node_4,2026-05-21 08:21:33,18,86.43,0.033,-58.9,22.4,normal,-0.1643,False,
Node_3,2026-05-21 08:21:33,39,84.43,0.044,-63.0,9.4,normal,-0.1556,False,
Node_2,2026-05-21 08:21:33,35,77.86,0.034,-49.1,15.4,normal,-0.1843,False,
Node_1,2026-05-21 08:21:33,17,72.62,0.06,-63.4,19.5,normal,-0.173,False,
Node_10,2026-05-21 08:21:53,19,90.27,0.015,-60.0,12.2,normal,-0.1268,False,
Node_9,2026-05-21 08:21:53,11,65.96,0.219,-65.6,180.4,packet_loss,-0.0379,True,Node_9 yüksek iletim gecikmesi nedeniyle paket kaybı riski taşıyor.
Node_8,2026-05-21 08:21:53,34,76.37,0.043,-54.2,7.4,normal,-0.1849,False,
Node_7,2026-05-21 08:21:53,18,65.23,0.085,-52.4,9.5,node_silence,-0.1769,True,Node_7 uzun süre veri göndermediği için sessizlik anomalisi oluştu.
Node_6,2026-05-21 08:21:53,41,65.09,0.059,-50.1,20.1,normal,-0.1904,False,
Node_4,2026-05-21 08:21:53,42,86.21,0.011,-56.4,16.2,normal,-0.142,False,
Node_3,2026-05-21 08:21:53,35,84.24,0.033,-48.6,18.2,normal,-0.174,False,
Node_2,2026-05-21 08:21:53,26,77.78,0.385,-66.9,44.7,communication_error,-0.0502,True,Node_2 yüksek hata oranı nedeniyle iletişim problemi olarak işaretlendi.
Node_1,2026-05-21 08:21:53,22,72.47,0.03,-50.9,23.9,normal,-0.1883,False,
Node_5,2026-05-21 08:21:53,27,14.13,0.051,-60.0,45.2,energy_drop,-0.0858,True,Node_5 pil seviyesinde ani düşüş olduğu için enerji anomalisi tespit edildi.
Node_7,2026-05-21 08:22:13,40,65.02,0.088,-52.7,13.8,node_silence,-0.1698,True,Node_7 uzun süre veri göndermediği için sessizlik anomalisi oluştu.
Node_10,2026-05-21 08:22:13,25,90.18,0.074,-54.6,18.6,normal,-0.1604,False,
Node_9,2026-05-21 08:22:13,23,65.79,0.328,-54.2,266.1,packet_loss,0.021,True,Node_9 yüksek iletim gecikmesi nedeniyle paket kaybı riski taşıyor.
Node_8,2026-05-21 08:22:13,17,76.28,0.062,-49.8,14.7,normal,-0.1758,False,
Node_6,2026-05-21 08:22:13,4,17.12,0.621,-79.1,285.4,node_failure,0.0467,True,Node_6 düğüm arızası olasılığı nedeniyle riskli olarak işaretlendi.
Node_5,2026-05-21 08:22:13,43,87.36,0.023,-54.7,13.6,normal,-0.1617,False,
Node_4,2026-05-21 08:22:13,44,86.09,0.065,-47.9,10.5,normal,-0.1505,False,
Node_3,2026-05-21 08:22:13,42,84.1,0.059,-56.7,8.9,normal,-0.1662,False,
Node_2,2026-05-21 08:22:13,29,77.59,0.682,-50.3,33.2,communication_error,0.0238,True,Node_2 yüksek hata oranı nedeniyle iletişim problemi olarak işaretlendi.
Node_1,2026-05-21 08:22:13,30,72.34,0.077,-64.4,24.2,normal,-0.1709,False,
Node_10,2026-05-21 08:22:33,15,90.01,0.062,-64.4,7.0,normal,-0.1039,False,
Node_9,2026-05-21 08:22:33,21,65.66,0.254,-57.3,232.3,packet_loss,-0.0245,True,Node_9 yüksek iletim gecikmesi nedeniyle paket kaybı riski taşıyor.
Node_8,2026-05-21 08:22:33,39,76.13,0.037,-61.2,17.4,normal,-0.1843,False,
Node_7,2026-05-21 08:22:33,35,64.79,0.032,-53.8,6.9,normal,-0.187,False,
Node_6,2026-05-21 08:22:33,4,22.72,0.649,-78.2,365.1,node_failure,0.054,True,Node_6 düğüm arızası olasılığı nedeniyle riskli olarak işaretlendi.
Node_5,2026-05-21 08:22:33,23,8.33,0.023,-79.0,23.2,energy_drop,-0.0168,True,Node_5 pil seviyesinde ani düşüş olduğu için enerji anomalisi tespit edildi.
Node_4,2026-05-21 08:22:33,18,86.04,0.024,-49.5,7.1,normal,-0.1426,False,
Node_3,2026-05-21 08:22:33,19,83.9,0.042,-48.6,5.5,normal,-0.1416,False,
Node_2,2026-05-21 08:22:33,22,77.46,0.671,-55.4,50.8,communication_error,0.014,True,Node_2 yüksek hata oranı nedeniyle iletişim problemi olarak işaretlendi.
Node_1,2026-05-21 08:22:33,21,72.21,0.011,-55.8,7.1,normal,-0.1567,False,
Node_10,2026-05-21 08:22:53,45,89.9,0.064,-61.9,22.8,normal,-0.1342,False,
Node_9,2026-05-21 08:22:53,12,65.54,0.233,-68.8,128.8,packet_loss,-0.0416,True,Node_9 yüksek iletim gecikmesi nedeniyle paket kaybı riski taşıyor.
Node_8,2026-05-21 08:22:53,21,76.01,0.018,-56.5,13.8,normal,-0.1768,False,
Node_7,2026-05-21 08:22:53,17,64.68,0.042,-69.1,17.6,node_silence,-0.1465,True,Node_7 uzun süre veri göndermediği için sessizlik anomalisi oluştu.
Node_6,2026-05-21 08:22:53,2,20.47,0.62,-67.8,309.7,node_failure,0.0167,True,Node_6 düğüm arızası olasılığı nedeniyle riskli olarak işaretlendi.
Node_4,2026-05-21 08:22:53,21,85.9,0.029,-52.9,21.7,normal,-0.1746,False,
Node_3,2026-05-21 08:22:53,190,83.73,0.121,-63.1,34.5,suspicious_activity,0.0016,True,Node_3 normalden fazla veri gönderdiği için şüpheli aktivite olarak işaretlendi.
Node_2,2026-05-21 08:22:53,22,77.24,0.042,-54.1,17.4,normal,-0.1883,False,
Node_1,2026-05-21 08:22:53,22,72.1,0.04,-60.4,22.6,normal,-0.19,False,
Node_5,2026-05-21 08:22:53,17,9.51,0.075,-79.1,33.6,energy_drop,-0.0078,True,Node_5 pil seviyesinde ani düşüş olduğu için enerji anomalisi tespit edildi.
Node_5,2026-05-21 08:23:13,27,87.1,0.045,-52.9,9.2,normal,-0.1741,False,
Node_1,2026-05-21 08:23:13,26,72.02,0.054,-62.2,11.1,normal,-0.1986,False,
Node_2,2026-05-21 08:23:13,26,77.02,0.606,-65.7,63.1,communication_error,-0.0105,True,Node_2 yüksek hata oranı nedeniyle iletişim problemi olarak işaretlendi.
Node_3,2026-05-21 08:23:13,17,83.61,0.032,-53.3,20.3,normal,-0.1677,False,
Node_4,2026-05-21 08:23:13,35,85.76,0.014,-59.9,6.2,normal,-0.1432,False,
Node_6,2026-05-21 08:23:13,5,18.4,0.852,-63.7,356.9,node_failure,0.0547,True,Node_6 düğüm arızası olasılığı nedeniyle riskli olarak işaretlendi.
Node_7,2026-05-21 08:23:13,33,64.6,0.041,-54.3,24.9,normal,-0.1983,False,
Node_8,2026-05-21 08:23:13,31,75.77,0.05,-56.6,5.9,normal,-0.1757,False,
Node_9,2026-05-21 08:23:13,22,65.4,0.04,-61.0,6.3,normal,-0.1837,False,
Node_10,2026-05-21 08:23:13,34,89.77,0.052,-64.4,9.5,normal,-0.1356,False,
Node_8,2026-05-21 08:23:33,21,75.7,0.012,-51.7,11.7,normal,-0.1639,False,
Node_7,2026-05-21 08:23:33,27,64.47,0.029,-57.4,19.5,normal,-0.204,False,
Node_10,2026-05-21 08:23:33,44,89.64,0.05,-61.4,10.0,normal,-0.1435,False,
Node_9,2026-05-21 08:23:33,20,65.18,0.262,-62.2,123.2,packet_loss,-0.068,True,Node_9 yüksek iletim gecikmesi nedeniyle paket kaybı riski taşıyor.
Node_6,2026-05-21 08:23:33,24,64.29,0.018,-46.0,13.0,normal,-0.1641,False,
Node_5,2026-05-21 08:23:33,30,86.98,0.024,-52.5,24.8,normal,-0.1543,False,
Node_4,2026-05-21 08:23:33,19,85.56,0.079,-48.8,9.9,normal,-0.1465,False,
Node_3,2026-05-21 08:23:33,329,83.47,0.143,-59.5,19.3,suspicious_activity,0.066,True,Node_3 normalden fazla veri gönderdiği için şüpheli aktivite olarak işaretlendi.
Node_2,2026-05-21 08:23:33,30,76.96,0.621,-75.4,62.9,communication_error,0.0242,True,Node_2 yüksek hata oranı nedeniyle iletişim problemi olarak işaretlendi.
Node_1,2026-05-21 08:23:33,25,71.92,0.039,-50.5,18.4,normal,-0.2022,False,
Node_10,2026-05-21 08:23:53,23,89.41,0.04,-47.2,19.2,normal,-0.1505,False,
Node_9,2026-05-21 08:23:53,15,65.01,0.298,-50.4,201.1,packet_loss,0.0029,True,Node_9 yüksek iletim gecikmesi nedeniyle paket kaybı riski taşıyor.
Node_8,2026-05-21 08:23:53,38,75.54,0.027,-53.2,8.0,normal,-0.1691,False,
Node_7,2026-05-21 08:23:53,35,64.35,0.021,-45.8,10.9,normal,-0.1575,False,
Node_6,2026-05-21 08:23:53,2,27.91,0.881,-57.0,422.3,node_failure,0.0745,True,Node_6 düğüm arızası olasılığı nedeniyle riskli olarak işaretlendi.
Node_5,2026-05-21 08:23:53,22,86.78,0.027,-64.0,10.9,normal,-0.1519,False,
Node_4,2026-05-21 08:23:53,42,85.36,0.076,-63.9,21.5,normal,-0.1449,False,
Node_3,2026-05-21 08:23:53,19,83.3,0.061,-59.4,22.6,normal,-0.1718,False,
Node_2,2026-05-21 08:23:53,24,76.87,0.033,-54.5,5.6,normal,-0.1649,False,
Node_1,2026-05-21 08:23:53,42,71.81,0.076,-45.2,24.3,normal,-0.114,False,
Node_10,2026-05-21 08:24:13,16,89.35,0.012,-51.1,19.4,normal,-0.1179,False,
Node_9,2026-05-21 08:24:13,9,64.9,0.298,-52.5,227.0,packet_loss,0.0165,True,Node_9 yüksek iletim gecikmesi nedeniyle paket kaybı riski taşıyor.
Node_8,2026-05-21 08:24:13,17,75.31,0.024,-56.1,14.5,normal,-0.1699,False,
Node_7,2026-05-21 08:24:13,35,64.16,0.084,-50.1,20.8,node_silence,-0.188,True,Node_7 uzun süre veri göndermediği için sessizlik anomalisi oluştu.
Node_6,2026-05-21 08:24:13,1,37.22,0.602,-64.7,385.1,node_failure,0.0338,True,Node_6 düğüm arızası olasılığı nedeniyle riskli olarak işaretlendi.
Node_4,2026-05-21 08:24:13,16,85.15,0.054,-50.0,9.4,normal,-0.1536,False,
Node_3,2026-05-21 08:24:13,221,83.18,0.064,-68.5,25.8,suspicious_activity,-0.0052,True,Node_3 normalden fazla veri gönderdiği için şüpheli aktivite olarak işaretlendi.
Node_2,2026-05-21 08:24:13,11,76.71,0.458,-52.1,71.0,communication_error,0.0012,True,Node_2 yüksek hata oranı nedeniyle iletişim problemi olarak işaretlendi.
Node_1,2026-05-21 08:24:13,20,71.76,0.041,-55.6,18.8,normal,-0.1968,False,
Node_5,2026-05-21 08:24:13,18,13.08,0.034,-70.1,16.9,energy_drop,-0.0756,True,Node_5 pil seviyesinde ani düşüş olduğu için enerji anomalisi tespit edildi.
Node_5,2026-05-21 08:24:33,23,14.69,0.082,-66.3,35.5,energy_drop,-0.098,True,Node_5 pil seviyesinde ani düşüş olduğu için enerji anomalisi tespit edildi.
Node_1,2026-05-21 08:24:33,44,71.65,0.062,-53.4,10.5,normal,-0.1865,False,
Node_2,2026-05-21 08:24:33,22,76.47,0.554,-51.3,79.5,communication_error,-0.0015,True,Node_2 yüksek hata oranı nedeniyle iletişim problemi olarak işaretlendi.
Node_3,2026-05-21 08:24:33,45,83.08,0.067,-53.3,11.9,normal,-0.1679,False,
Node_4,2026-05-21 08:24:33,30,84.98,0.024,-60.4,23.8,normal,-0.1628,False,
Node_6,2026-05-21 08:24:33,2,16.02,0.738,-67.7,270.5,node_failure,0.0211,True,Node_6 düğüm arızası olasılığı nedeniyle riskli olarak işaretlendi.
Node_7,2026-05-21 08:24:33,35,64.09,0.067,-55.9,13.4,normal,-0.2058,False,
Node_8,2026-05-21 08:24:33,24,75.2,0.067,-51.6,19.7,normal,-0.1967,False,
Node_9,2026-05-21 08:24:33,18,64.71,0.028,-59.9,5.3,normal,-0.1665,False,
Node_10,2026-05-21 08:24:33,17,89.17,0.048,-63.3,21.5,normal,-0.1399,False,
Node_8,2026-05-21 08:24:53,17,75.13,0.059,-50.6,12.8,normal,-0.175,False,
Node_7,2026-05-21 08:24:53,24,63.91,0.06,-47.7,23.1,normal,-0.1945,False,
Node_10,2026-05-21 08:24:53,33,89.11,0.045,-59.5,16.1,normal,-0.1626,False,
Node_9,2026-05-21 08:24:53,43,64.56,0.056,-50.4,20.1,normal,-0.1934,False,
Node_6,2026-05-21 08:24:53,3,16.49,0.635,-72.6,498.7,node_failure,0.0813,True,Node_6 düğüm arızası olasılığı nedeniyle riskli olarak işaretlendi.
Node_5,2026-05-21 08:24:53,17,86.28,0.073,-62.8,21.5,normal,-0.1554,False,
Node_4,2026-05-21 08:24:53,26,84.9,0.043,-49.4,16.5,normal,-0.1809,False,
Node_3,2026-05-21 08:24:53,315,82.85,0.11,-72.9,15.9,suspicious_activity,0.0619,True,Node_3 normalden fazla veri gönderdiği için şüpheli aktivite olarak işaretlendi.
Node_2,2026-05-21 08:24:53,15,76.34,0.071,-55.9,8.7,normal,-0.1538,False,
Node_1,2026-05-21 08:24:53,41,71.58,0.051,-52.3,18.0,normal,-0.1902,False,
Node_10,2026-05-21 08:25:13,40,88.92,0.02,-51.0,9.9,normal,-0.1426,False,
Node_9,2026-05-21 08:25:13,9,64.45,0.219,-61.8,246.3,packet_loss,-0.0075,True,Node_9 yüksek iletim gecikmesi nedeniyle paket kaybı riski taşıyor.
Node_8,2026-05-21 08:25:13,33,74.91,0.029,-49.1,18.9,normal,-0.1878,False,
Node_7,2026-05-21 08:25:13,39,63.73,0.036,-45.7,19.6,normal,-0.1562,False,
Node_6,2026-05-21 08:25:13,2,30.06,0.867,-54.3,391.7,node_failure,0.0693,True,Node_6 düğüm arızası olasılığı nedeniyle riskli olarak işaretlendi.
Node_4,2026-05-21 08:25:13,16,84.67,0.072,-50.8,16.2,normal,-0.1581,False,
Node_3,2026-05-21 08:25:13,348,82.75,0.096,-58.0,17.9,suspicious_activity,0.0433,True,Node_3 normalden fazla veri gönderdiği için şüpheli aktivite olarak işaretlendi.
Node_2,2026-05-21 08:25:13,35,76.12,0.015,-49.9,19.9,normal,-0.1762,False,
Node_1,2026-05-21 08:25:13,24,71.49,0.017,-51.9,13.2,normal,-0.1832,False,
Node_5,2026-05-21 08:25:13,22,11.21,0.06,-72.0,37.1,energy_drop,-0.0548,True,Node_5 pil seviyesinde ani düşüş olduğu için enerji anomalisi tespit edildi.
Node_7,2026-05-21 08:25:33,44,63.64,0.041,-60.9,10.4,normal,-0.1858,False,
Node_10,2026-05-21 08:25:33,44,88.76,0.018,-47.0,19.2,normal,-0.1215,False,
Node_9,2026-05-21 08:25:33,19,64.27,0.036,-46.9,17.9,normal,-0.1812,False,
Node_8,2026-05-21 08:25:33,18,74.74,0.016,-50.4,22.8,normal,-0.1626,False,
Node_6,2026-05-21 08:25:33,24,63.47,0.021,-52.9,17.8,normal,-0.1946,False,
Node_5,2026-05-21 08:25:33,29,86.06,0.051,-49.6,24.7,normal,-0.1643,False,
Node_4,2026-05-21 08:25:33,33,84.6,0.042,-62.5,17.2,normal,-0.1775,False,
Node_3,2026-05-21 08:25:33,22,82.66,0.049,-62.3,18.8,normal,-0.1816,False,
Node_2,2026-05-21 08:25:33,24,76.01,0.012,-64.2,8.3,normal,-0.1473,False,
Node_1,2026-05-21 08:25:33,20,71.34,0.027,-57.7,8.5,normal,-0.1845,False,
Node_10,2026-05-21 08:25:53,21,88.65,0.02,-50.2,16.7,normal,-0.1552,False,
Node_9,2026-05-21 08:25:53,25,64.05,0.306,-69.7,214.5,packet_loss,-0.0153,True,Node_9 yüksek iletim gecikmesi nedeniyle paket kaybı riski taşıyor.
Node_8,2026-05-21 08:25:53,34,74.56,0.071,-60.9,7.2,normal,-0.1782,False,
Node_7,2026-05-21 08:25:53,45,63.5,0.03,-55.3,13.4,normal,-0.1784,False,
Node_6,2026-05-21 08:25:53,34,63.38,0.049,-60.1,25.0,normal,-0.1947,False,
Node_5,2026-05-21 08:25:53,10,6.55,0.091,-69.5,43.6,energy_drop,-0.0227,True,Node_5 pil seviyesinde ani düşüş olduğu için enerji anomalisi tespit edildi.
Node_4,2026-05-21 08:25:53,28,84.4,0.069,-58.6,9.9,normal,-0.1805,False,
Node_3,2026-05-21 08:25:53,37,82.42,0.078,-54.5,19.6,normal,-0.1695,False,
Node_2,2026-05-21 08:25:53,36,75.95,0.048,-45.2,9.9,normal,-0.1411,False,
Node_1,2026-05-21 08:25:53,31,71.28,0.018,-59.4,17.3,normal,-0.1872,False,
Node_9,2026-05-21 08:26:13,37,63.85,0.06,-64.9,24.9,normal,-0.1754,False,
Node_8,2026-05-21 08:26:13,45,74.38,0.061,-55.7,20.3,normal,-0.1802,False,
Node_7,2026-05-21 08:26:13,33,63.31,0.011,-50.7,16.6,normal,-0.1766,False,
Node_6,2026-05-21 08:26:13,4,22.57,0.897,-69.2,445.3,node_failure,0.0808,True,Node_6 düğüm arızası olasılığı nedeniyle riskli olarak işaretlendi.
Node_10,2026-05-21 08:26:13,18,88.4,0.077,-54.4,19.1,normal,-0.1577,False,
Node_4,2026-05-21 08:26:13,37,84.21,0.041,-60.4,7.6,normal,-0.1645,False,
Node_3,2026-05-21 08:26:13,21,82.21,0.037,-54.2,9.1,normal,-0.1789,False,
Node_2,2026-05-21 08:26:13,15,75.71,0.63,-74.7,46.4,communication_error,0.0015,True,Node_2 yüksek hata oranı nedeniyle iletişim problemi olarak işaretlendi.
Node_1,2026-05-21 08:26:13,16,71.04,0.034,-51.5,9.2,normal,-0.1754,False,
Node_5,2026-05-21 08:26:13,27,85.72,0.015,-64.5,23.6,normal,-0.1459,False,
Node_10,2026-05-21 08:26:33,31,88.31,0.046,-62.2,14.0,normal,-0.171,False,
Node_9,2026-05-21 08:26:33,20,63.66,0.285,-72.2,138.7,packet_loss,-0.0382,True,Node_9 yüksek iletim gecikmesi nedeniyle paket kaybı riski taşıyor.
Node_8,2026-05-21 08:26:33,25,74.17,0.077,-56.4,16.4,normal,-0.1891,False,
Node_7,2026-05-21 08:26:33,19,63.11,0.044,-60.5,13.4,normal,-0.1962,False,
Node_6,2026-05-21 08:26:33,2,13.39,0.919,-58.4,406.8,node_failure,0.0873,True,Node_6 düğüm arızası olasılığı nedeniyle riskli olarak işaretlendi.
Node_5,2026-05-21 08:26:33,32,85.58,0.059,-64.5,23.5,normal,-0.1577,False,
Node_4,2026-05-21 08:26:33,41,84.05,0.059,-61.4,24.3,normal,-0.1562,False,
Node_3,2026-05-21 08:26:33,31,82.02,0.025,-49.4,14.4,normal,-0.1787,False,
Node_2,2026-05-21 08:26:33,14,75.54,0.499,-65.4,73.0,communication_error,-0.0281,True,Node_2 yüksek hata oranı nedeniyle iletişim problemi olarak işaretlendi.
Node_1,2026-05-21 08:26:33,25,70.98,0.025,-53.5,15.5,normal,-0.195,False,
Node_10,2026-05-21 08:26:53,23,88.16,0.068,-48.5,15.4,normal,-0.1618,False,
Node_9,2026-05-21 08:26:53,23,63.44,0.306,-62.1,193.5,packet_loss,-0.0399,True,Node_9 yüksek iletim gecikmesi nedeniyle paket kaybı riski taşıyor.
Node_8,2026-05-21 08:26:53,25,74.04,0.065,-58.7,18.7,normal,-0.1997,False,
Node_7,2026-05-21 08:26:53,16,63.0,0.073,-50.8,21.9,normal,-0.1812,False,
Node_6,2026-05-21 08:26:53,3,31.19,0.768,-63.2,333.7,node_failure,0.0219,True,Node_6 düğüm arızası olasılığı nedeniyle riskli olarak işaretlendi.
Node_5,2026-05-21 08:26:53,17,85.51,0.041,-63.9,14.2,normal,-0.1488,False,
Node_4,2026-05-21 08:26:53,34,83.84,0.023,-48.4,7.8,normal,-0.1561,False,
Node_3,2026-05-21 08:26:53,43,81.96,0.02,-64.8,11.2,normal,-0.145,False,
Node_2,2026-05-21 08:26:53,15,75.42,0.415,-77.6,78.9,communication_error,0.0051,True,Node_2 yüksek hata oranı nedeniyle iletişim problemi olarak işaretlendi.
Node_1,2026-05-21 08:26:53,18,70.85,0.012,-64.5,6.8,normal,-0.1397,False,
Node_10,2026-05-21 08:27:13,31,88.08,0.035,-57.4,10.9,normal,-0.168,False,
Node_9,2026-05-21 08:27:13,18,63.38,0.259,-61.2,265.8,packet_loss,-0.0106,True,Node_9 yüksek iletim gecikmesi nedeniyle paket kaybı riski taşıyor.
Node_8,2026-05-21 08:27:13,22,73.97,0.01,-64.0,9.8,normal,-0.155,False,
Node_7,2026-05-21 08:27:13,37,62.89,0.035,-55.2,17.5,normal,-0.1991,False,
Node_6,2026-05-21 08:27:13,1,19.64,0.681,-76.5,345.5,node_failure,0.0502,True,Node_6 düğüm arızası olasılığı nedeniyle riskli olarak işaretlendi.
Node_4,2026-05-21 08:27:13,19,83.76,0.029,-54.4,7.2,normal,-0.1616,False,
Node_3,2026-05-21 08:27:13,306,81.88,0.138,-58.5,12.9,suspicious_activity,0.0521,True,Node_3 normalden fazla veri gönderdiği için şüpheli aktivite olarak işaretlendi.
Node_2,2026-05-21 08:27:13,27,75.34,0.035,-53.3,11.3,normal,-0.1937,False,
Node_1,2026-05-21 08:27:13,26,70.71,0.055,-49.8,7.6,normal,-0.1941,False,
Node_5,2026-05-21 08:27:13,30,85.39,0.068,-51.6,19.0,normal,-0.1815,False,
Node_7,2026-05-21 08:27:33,32,62.72,0.052,-73.9,17.3,node_silence,-0.1282,True,Node_7 uzun süre veri göndermediği için sessizlik anomalisi oluştu.
Node_10,2026-05-21 08:27:33,44,88.03,0.024,-63.3,21.4,normal,-0.1356,False,
Node_9,2026-05-21 08:27:33,31,63.32,0.037,-52.7,6.8,normal,-0.1857,False,
Node_8,2026-05-21 08:27:33,42,73.75,0.07,-61.3,7.1,normal,-0.1638,False,
Node_6,2026-05-21 08:27:33,5,32.84,0.871,-68.8,485.9,node_failure,0.0915,True,Node_6 düğüm arızası olasılığı nedeniyle riskli olarak işaretlendi.
Node_5,2026-05-21 08:27:33,29,85.22,0.027,-61.0,8.2,normal,-0.1628,False,
Node_4,2026-05-21 08:27:33,31,83.7,0.03,-61.9,21.0,normal,-0.1833,False,
Node_3,2026-05-21 08:27:33,239,81.7,0.096,-73.1,28.5,suspicious_activity,0.029,True,Node_3 normalden fazla veri gönderdiği için şüpheli aktivite olarak işaretlendi.
Node_2,2026-05-21 08:27:33,19,75.29,0.042,-48.5,17.5,normal,-0.1768,False,
Node_1,2026-05-21 08:27:33,33,70.47,0.012,-45.3,23.3,normal,-0.1222,False,
Node_10,2026-05-21 08:27:53,29,87.87,0.048,-53.6,24.7,normal,-0.1609,False,
Node_9,2026-05-21 08:27:53,9,63.16,0.297,-54.4,228.5,packet_loss,0.0031,True,Node_9 yüksek iletim gecikmesi nedeniyle paket kaybı riski taşıyor.
Node_8,2026-05-21 08:27:53,40,73.62,0.021,-51.4,15.4,normal,-0.1769,False,
Node_7,2026-05-21 08:27:53,25,62.58,0.069,-63.5,12.3,normal,-0.1983,False,
Node_6,2026-05-21 08:27:53,40,62.51,0.07,-50.9,16.6,normal,-0.1924,False,
Node_4,2026-05-21 08:27:53,26,83.64,0.018,-54.3,5.3,normal,-0.149,False,
Node_3,2026-05-21 08:27:53,23,81.63,0.037,-46.2,10.7,normal,-0.1502,False,
Node_2,2026-05-21 08:27:53,19,75.15,0.018,-50.4,15.8,normal,-0.1735,False,
Node_1,2026-05-21 08:27:53,42,70.33,0.066,-55.6,23.8,normal,-0.1834,False,
Node_5,2026-05-21 08:27:53,39,85.15,0.017,-51.9,21.1,normal,-0.1539,False,
Node_7,2026-05-21 08:28:13,20,62.43,0.073,-48.0,19.9,normal,-0.188,False,
Node_10,2026-05-21 08:28:13,26,87.67,0.064,-47.9,5.8,normal,-0.1402,False,
Node_9,2026-05-21 08:28:13,43,62.95,0.06,-61.3,5.8,normal,-0.164,False,
Node_8,2026-05-21 08:28:13,39,73.57,0.042,-55.4,11.7,normal,-0.1877,False,
Node_6,2026-05-21 08:28:13,34,62.29,0.077,-53.2,8.8,normal,-0.1871,False,
Node_5,2026-05-21 08:28:13,20,6.11,0.047,-63.0,25.5,energy_drop,-0.1032,True,Node_5 pil seviyesinde ani düşüş olduğu için enerji anomalisi tespit edildi.
Node_4,2026-05-21 08:28:13,44,83.51,0.031,-55.8,7.4,normal,-0.1583,False,
Node_3,2026-05-21 08:28:13,223,81.42,0.053,-79.0,36.9,suspicious_activity,0.0609,True,Node_3 normalden fazla veri gönderdiği için şüpheli aktivite olarak işaretlendi.
Node_2,2026-05-21 08:28:13,35,75.01,0.01,-45.8,11.5,normal,-0.1341,False,
Node_1,2026-05-21 08:28:13,36,70.13,0.063,-48.5,9.5,normal,-0.1849,False,
Node_10,2026-05-21 08:28:33,26,87.48,0.048,-56.3,16.3,normal,-0.1795,False,
Node_9,2026-05-21 08:28:33,38,62.75,0.044,-56.3,19.8,normal,-0.1963,False,
Node_8,2026-05-21 08:28:33,27,73.43,0.054,-58.6,6.0,normal,-0.1808,False,
Node_7,2026-05-21 08:28:33,18,62.22,0.044,-55.8,21.8,node_silence,-0.1948,True,Node_7 uzun süre veri göndermediği için sessizlik anomalisi oluştu.
Node_6,2026-05-21 08:28:33,2,28.65,0.647,-64.6,309.7,node_failure,0.0082,True,Node_6 düğüm arızası olasılığı nedeniyle riskli olarak işaretlendi.
Node_5,2026-05-21 08:28:33,29,7.16,0.086,-50.4,17.9,energy_drop,-0.0933,True,Node_5 pil seviyesinde ani düşüş olduğu için enerji anomalisi tespit edildi.
Node_4,2026-05-21 08:28:33,32,83.45,0.014,-47.6,18.1,normal,-0.1569,False,
Node_3,2026-05-21 08:28:33,242,81.29,0.148,-55.0,25.3,suspicious_activity,0.0225,True,Node_3 normalden fazla veri gönderdiği için şüpheli aktivite olarak işaretlendi.
Node_2,2026-05-21 08:28:33,29,74.93,0.467,-54.2,48.7,communication_error,-0.0293,True,Node_2 yüksek hata oranı nedeniyle iletişim problemi olarak işaretlendi.
Node_1,2026-05-21 08:28:33,17,69.94,0.061,-47.6,5.1,normal,-0.155,False,
Node_9,2026-05-21 08:28:53,12,62.5,0.308,-52.1,211.5,packet_loss,0.0036,True,Node_9 yüksek iletim gecikmesi nedeniyle paket kaybı riski taşıyor.
Node_8,2026-05-21 08:28:53,29,73.22,0.018,-55.9,20.3,normal,-0.1807,False,
Node_7,2026-05-21 08:28:53,35,62.01,0.047,-55.6,5.8,normal,-0.1805,False,
Node_6,2026-05-21 08:28:53,1,36.54,0.907,-79.5,276.6,node_failure,0.0776,True,Node_6 düğüm arızası olasılığı nedeniyle riskli olarak işaretlendi.
Node_10,2026-05-21 08:28:53,32,87.36,0.019,-54.5,22.1,normal,-0.1656,False,
Node_4,2026-05-21 08:28:53,19,83.28,0.03,-64.6,20.9,normal,-0.158,False,
Node_3,2026-05-21 08:28:53,343,81.21,0.051,-76.5,16.5,suspicious_activity,0.064,True,Node_3 normalden fazla veri gönderdiği için şüpheli aktivite olarak işaretlendi.
Node_2,2026-05-21 08:28:53,40,74.87,0.041,-52.4,18.1,normal,-0.1856,False,
Node_1,2026-05-21 08:28:53,44,69.7,0.019,-50.5,23.7,normal,-0.1627,False,
Node_5,2026-05-21 08:28:53,14,6.84,0.061,-55.6,37.0,energy_drop,-0.0753,True,Node_5 pil seviyesinde ani düşüş olduğu için enerji anomalisi tespit edildi.
Node_10,2026-05-21 08:29:13,40,87.22,0.021,-49.7,8.8,normal,-0.1516,False,
Node_9,2026-05-21 08:29:13,13,62.37,0.199,-60.4,243.4,packet_loss,-0.017,True,Node_9 yüksek iletim gecikmesi nedeniyle paket kaybı riski taşıyor.
Node_8,2026-05-21 08:29:13,40,73.13,0.031,-62.3,16.3,normal,-0.1835,False,
Node_7,2026-05-21 08:29:13,39,61.86,0.047,-50.9,24.2,normal,-0.1856,False,
Node_6,2026-05-21 08:29:13,21,61.78,0.031,-48.1,8.3,normal,-0.1863,False,
Node_5,2026-05-21 08:29:13,37,84.48,0.063,-64.4,9.4,normal,-0.1549,False,
Node_4,2026-05-21 08:29:13,37,83.15,0.036,-46.0,16.6,normal,-0.1496,False,
Node_3,2026-05-21 08:29:13,38,81.03,0.044,-54.1,17.0,normal,-0.1872,False,
Node_2,2026-05-21 08:29:13,20,74.64,0.077,-45.6,15.2,normal,-0.1344,False,
Node_1,2026-05-21 08:29:13,37,69.56,0.019,-63.4,6.9,normal,-0.1557,False,
Node_10,2026-05-21 08:29:33,33,87.1,0.057,-54.5,10.8,normal,-0.181,False,
Node_9,2026-05-21 08:29:33,45,62.27,0.045,-53.9,11.6,normal,-0.1812,False,
Node_8,2026-05-21 08:29:33,32,72.99,0.066,-55.1,16.3,normal,-0.2024,False,
Node_7,2026-05-21 08:29:33,38,61.79,0.047,-48.3,17.4,normal,-0.1889,False,
Node_6,2026-05-21 08:29:33,4,37.88,0.635,-66.5,371.5,node_failure,0.0187,True,Node_6 düğüm arızası olasılığı nedeniyle riskli olarak işaretlendi.
Node_5,2026-05-21 08:29:33,21,14.24,0.028,-72.1,28.6,energy_drop,-0.0655,True,Node_5 pil seviyesinde ani düşüş olduğu için enerji anomalisi tespit edildi.
Node_4,2026-05-21 08:29:33,31,82.99,0.062,-55.6,18.2,normal,-0.1886,False,
Node_3,2026-05-21 08:29:33,35,80.85,0.073,-56.1,5.1,normal,-0.1553,False,
Node_2,2026-05-21 08:29:33,21,74.51,0.532,-67.7,32.6,communication_error,-0.0514,True,Node_2 yüksek hata oranı nedeniyle iletişim problemi olarak işaretlendi.
Node_1,2026-05-21 08:29:33,16,69.34,0.045,-53.5,7.4,normal,-0.1691,False,
Node_10,2026-05-21 08:29:53,28,87.02,0.018,-64.8,16.8,normal,-0.1508,False,
Node_9,2026-05-21 08:29:53,30,62.04,0.033,-63.0,18.6,normal,-0.1997,False,
Node_8,2026-05-21 08:29:53,20,72.86,0.013,-59.1,20.7,normal,-0.1699,False,
Node_7,2026-05-21 08:29:53,25,61.62,0.021,-63.3,24.1,normal,-0.185,False,
Node_6,2026-05-21 08:29:53,26,61.3,0.035,-46.9,15.5,normal,-0.1891,False,
Node_5,2026-05-21 08:29:53,16,83.99,0.072,-57.3,7.2,normal,-0.1425,False,
Node_4,2026-05-21 08:29:53,34,82.83,0.043,-56.9,23.5,normal,-0.176,False,
Node_3,2026-05-21 08:29:53,32,80.74,0.026,-48.5,8.3,normal,-0.161,False,
Node_2,2026-05-21 08:29:53,33,74.32,0.039,-48.8,21.8,normal,-0.1916,False,
Node_1,2026-05-21 08:29:53,43,69.18,0.077,-62.7,17.0,normal,-0.1732,False,
Node_9,2026-05-21 08:30:13,41,61.94,0.029,-47.2,24.2,normal,-0.1679,False,
Node_8,2026-05-21 08:30:13,15,72.63,0.03,-64.6,24.9,normal,-0.1439,False,
Node_7,2026-05-21 08:30:13,39,61.48,0.07,-54.0,16.6,normal,-0.1955,False,
Node_6,2026-05-21 08:30:13,28,61.09,0.036,-63.2,8.2,normal,-0.1886,False,
Node_10,2026-05-21 08:30:13,27,86.86,0.04,-64.7,11.1,normal,-0.162,False,
Node_4,2026-05-21 08:30:13,20,82.66,0.038,-49.1,9.9,normal,-0.1702,False,
Node_3,2026-05-21 08:30:13,252,80.66,0.081,-76.4,12.2,suspicious_activity,0.0342,True,Node_3 normalden fazla veri gönderdiği için şüpheli aktivite olarak işaretlendi.
Node_2,2026-05-21 08:30:13,29,74.26,0.446,-64.2,70.4,communication_error,-0.0435,True,Node_2 yüksek hata oranı nedeniyle iletişim problemi olarak işaretlendi.
Node_1,2026-05-21 08:30:13,26,69.07,0.031,-49.9,11.8,normal,-0.2053,False,
Node_5,2026-05-21 08:30:13,26,83.93,0.024,-46.5,23.1,normal,-0.1523,False,
Node_10,2026-05-21 08:30:33,23,86.65,0.028,-56.8,15.7,normal,-0.1731,False,
Node_9,2026-05-21 08:30:33,14,61.78,0.206,-57.1,224.0,packet_loss,-0.0217,True,Node_9 yüksek iletim gecikmesi nedeniyle paket kaybı riski taşıyor.
Node_8,2026-05-21 08:30:33,44,72.39,0.044,-57.2,7.2,normal,-0.1707,False,
Node_7,2026-05-21 08:30:33,40,61.29,0.097,-58.4,12.7,node_silence,-0.1703,True,Node_7 uzun süre veri göndermediği için sessizlik anomalisi oluştu.
Node_6,2026-05-21 08:30:33,1,31.14,0.634,-74.2,480.0,node_failure,0.0904,True,Node_6 düğüm arızası olasılığı nedeniyle riskli olarak işaretlendi.
Node_5,2026-05-21 08:30:33,43,83.87,0.067,-49.7,23.4,normal,-0.1686,False,
Node_4,2026-05-21 08:30:33,36,82.55,0.026,-46.9,12.7,normal,-0.1559,False,
Node_3,2026-05-21 08:30:33,268,80.48,0.126,-62.4,17.0,suspicious_activity,0.0183,True,Node_3 normalden fazla veri gönderdiği için şüpheli aktivite olarak işaretlendi.
Node_2,2026-05-21 08:30:33,26,74.21,0.691,-57.9,58.0,communication_error,-0.0012,True,Node_2 yüksek hata oranı nedeniyle iletişim problemi olarak işaretlendi.
Node_1,2026-05-21 08:30:33,35,69.01,0.075,-62.5,21.6,normal,-0.1926,False,
Node_9,2026-05-21 08:30:53,40,61.65,0.043,-57.2,19.0,normal,-0.194,False,
Node_8,2026-05-21 08:30:53,37,72.21,0.072,-56.2,16.1,normal,-0.19,False,
Node_7,2026-05-21 08:30:53,15,61.23,0.039,-70.4,13.9,node_silence,-0.13,True,Node_7 uzun süre veri göndermediği için sessizlik anomalisi oluştu.
Node_6,2026-05-21 08:30:53,37,60.84,0.079,-50.7,21.7,normal,-0.1835,False,
Node_10,2026-05-21 08:30:53,24,86.57,0.017,-63.1,15.5,normal,-0.1542,False,
Node_4,2026-05-21 08:30:53,23,82.37,0.052,-49.7,18.1,normal,-0.1888,False,
Node_3,2026-05-21 08:30:53,194,80.29,0.135,-60.4,28.9,suspicious_activity,0.0003,True,Node_3 normalden fazla veri gönderdiği için şüpheli aktivite olarak işaretlendi.
Node_2,2026-05-21 08:30:53,24,74.1,0.443,-63.2,32.3,communication_error,-0.0714,True,Node_2 yüksek hata oranı nedeniyle iletişim problemi olarak işaretlendi.
Node_1,2026-05-21 08:30:53,19,68.82,0.074,-53.3,24.5,normal,-0.184,False,
Node_5,2026-05-21 08:30:53,18,9.84,0.094,-63.7,33.5,energy_drop,-0.0816,True,Node_5 pil seviyesinde ani düşüş olduğu için enerji anomalisi tespit edildi.
Node_9,2026-05-21 08:31:13,10,61.53,0.239,-64.3,120.8,packet_loss,-0.0495,True,Node_9 yüksek iletim gecikmesi nedeniyle paket kaybı riski taşıyor.
Node_8,2026-05-21 08:31:13,32,72.04,0.015,-62.0,11.2,normal,-0.1819,False,
Node_7,2026-05-21 08:31:13,39,61.15,0.07,-67.2,16.0,node_silence,-0.1701,True,Node_7 uzun süre veri göndermediği için sessizlik anomalisi oluştu.
Node_6,2026-05-21 08:31:13,42,60.79,0.037,-56.6,17.9,normal,-0.1918,False,
Node_10,2026-05-21 08:31:13,33,86.5,0.065,-57.2,17.5,normal,-0.1811,False,
Node_4,2026-05-21 08:31:13,31,82.16,0.052,-54.2,14.5,normal,-0.1888,False,
Node_3,2026-05-21 08:31:13,336,80.11,0.149,-65.3,26.9,suspicious_activity,0.0487,True,Node_3 normalden fazla veri gönderdiği için şüpheli aktivite olarak işaretlendi.
Node_2,2026-05-21 08:31:13,15,74.02,0.538,-66.2,78.0,communication_error,-0.0306,True,Node_2 yüksek hata oranı nedeniyle iletişim problemi olarak işaretlendi.
Node_1,2026-05-21 08:31:13,45,68.72,0.043,-54.9,8.9,normal,-0.1736,False,
Node_5,2026-05-21 08:31:13,24,7.43,0.031,-68.4,21.2,energy_drop,-0.085,True,Node_5 pil seviyesinde ani düşüş olduğu için enerji anomalisi tespit edildi.
Node_10,2026-05-21 08:31:33,17,86.35,0.057,-64.3,22.7,normal,-0.1472,False,
Node_9,2026-05-21 08:31:33,33,61.4,0.065,-55.8,21.9,normal,-0.2033,False,
Node_8,2026-05-21 08:31:33,26,71.87,0.011,-47.8,14.1,normal,-0.1678,False,
Node_7,2026-05-21 08:31:33,28,61.07,0.035,-73.7,17.3,node_silence,-0.1316,True,Node_7 uzun süre veri göndermediği için sessizlik anomalisi oluştu.
Node_6,2026-05-21 08:31:33,3,34.9,0.812,-51.5,288.1,node_failure,0.0475,True,Node_6 düğüm arızası olasılığı nedeniyle riskli olarak işaretlendi.
Node_5,2026-05-21 08:31:33,43,83.38,0.062,-64.5,12.4,normal,-0.1553,False,
Node_3,2026-05-21 08:31:33,45,80.02,0.056,-52.7,10.0,normal,-0.1695,False,
Node_2,2026-05-21 08:31:33,33,73.78,0.456,-69.3,43.5,communication_error,-0.0338,True,Node_2 yüksek hata oranı nedeniyle iletişim problemi olarak işaretlendi.
Node_1,2026-05-21 08:31:33,44,68.48,0.041,-45.4,19.8,normal,-0.1335,False,
Node_4,2026-05-21 08:31:33,36,81.93,0.035,-56.6,16.8,normal,-0.1812,False,
Node_7,2026-05-21 08:31:53,18,60.94,0.049,-69.5,15.4,node_silence,-0.1446,True,Node_7 uzun süre veri göndermediği için sessizlik anomalisi oluştu.
Node_10,2026-05-21 08:31:53,18,86.17,0.064,-46.9,5.1,normal,-0.1163,False,
Node_8,2026-05-21 08:31:53,15,71.78,0.034,-55.2,19.4,normal,-0.1719,False,
Node_6,2026-05-21 08:31:53,4,10.76,0.948,-52.1,234.6,node_failure,0.0872,True,Node_6 düğüm arızası olasılığı nedeniyle riskli olarak işaretlendi.
Node_9,2026-05-21 08:31:53,12,61.26,0.263,-77.6,146.6,packet_loss,-0.0077,True,Node_9 yüksek iletim gecikmesi nedeniyle paket kaybı riski taşıyor.
Node_4,2026-05-21 08:31:53,29,81.77,0.034,-48.5,21.7,normal,-0.1746,False,
Node_3,2026-05-21 08:31:53,36,79.81,0.033,-54.4,10.9,normal,-0.188,False,
Node_2,2026-05-21 08:31:53,45,73.63,0.054,-49.0,22.1,normal,-0.1699,False,
Node_5,2026-05-21 08:31:53,21,83.22,0.011,-63.0,18.4,normal,-0.1474,False,
Node_1,2026-05-21 08:31:53,44,68.29,0.014,-54.9,5.4,normal,-0.14,False,
Node_10,2026-05-21 08:32:13,38,85.95,0.036,-55.2,12.8,normal,-0.1714,False,
Node_9,2026-05-21 08:32:13,20,61.1,0.278,-70.3,183.2,packet_loss,-0.0406,True,Node_9 yüksek iletim gecikmesi nedeniyle paket kaybı riski taşıyor.
Node_8,2026-05-21 08:32:13,23,71.72,0.08,-46.5,16.0,normal,-0.1631,False,
Node_7,2026-05-21 08:32:13,30,60.79,0.031,-64.2,13.3,normal,-0.1933,False,
Node_6,2026-05-21 08:32:13,5,32.13,0.668,-75.6,285.6,node_failure,0.0173,True,Node_6 düğüm arızası olasılığı nedeniyle riskli olarak işaretlendi.
Node_5,2026-05-21 08:32:13,19,9.63,0.084,-50.4,31.8,energy_drop,-0.0818,True,Node_5 pil seviyesinde ani düşüş olduğu için enerji anomalisi tespit edildi.
Node_4,2026-05-21 08:32:13,19,81.68,0.046,-58.3,19.5,normal,-0.1773,False,
Node_3,2026-05-21 08:32:13,293,79.71,0.079,-59.9,21.6,suspicious_activity,0.0047,True,Node_3 normalden fazla veri gönderdiği için şüpheli aktivite olarak işaretlendi.
Node_2,2026-05-21 08:32:13,33,73.44,0.634,-63.4,38.8,communication_error,-0.0167,True,Node_2 yüksek hata oranı nedeniyle iletişim problemi olarak işaretlendi.
Node_1,2026-05-21 08:32:13,35,68.17,0.017,-60.0,8.4,normal,-0.1795,False,
Node_10,2026-05-21 08:32:33,42,85.83,0.071,-45.2,17.3,normal,-0.11,False,
Node_9,2026-05-21 08:32:33,27,60.99,0.021,-45.8,9.1,normal,-0.1547,False,
Node_8,2026-05-21 08:32:33,37,71.57,0.038,-46.1,5.2,normal,-0.136,False,
Node_7,2026-05-21 08:32:33,25,60.65,0.04,-50.9,16.3,normal,-0.2047,False,
Node_6,2026-05-21 08:32:33,2,31.26,0.676,-76.7,294.5,node_failure,0.0207,True,Node_6 düğüm arızası olasılığı nedeniyle riskli olarak işaretlendi.
Node_5,2026-05-21 08:32:33,18,82.89,0.016,-58.1,17.6,normal,-0.1614,False,
Node_4,2026-05-21 08:32:33,38,81.59,0.03,-45.6,16.8,normal,-0.1364,False,
Node_3,2026-05-21 08:32:33,287,79.57,0.086,-77.4,18.2,suspicious_activity,0.0471,True,Node_3 normalden fazla veri gönderdiği için şüpheli aktivite olarak işaretlendi.
Node_2,2026-05-21 08:32:33,10,73.35,0.532,-73.7,58.0,communication_error,-0.0021,True,Node_2 yüksek hata oranı nedeniyle iletişim problemi olarak işaretlendi.
Node_1,2026-05-21 08:32:33,33,68.04,0.062,-52.3,14.8,normal,-0.2019,False,
Node_10,2026-05-21 08:32:53,29,85.6,0.02,-50.4,22.7,normal,-0.1624,False,
Node_9,2026-05-21 08:32:53,19,60.9,0.306,-50.5,227.5,packet_loss,0.0058,True,Node_9 yüksek iletim gecikmesi nedeniyle paket kaybı riski taşıyor.
Node_8,2026-05-21 08:32:53,25,71.39,0.019,-57.4,19.0,normal,-0.1898,False,
Node_7,2026-05-21 08:32:53,28,60.53,0.082,-68.9,5.4,node_silence,-0.1273,True,Node_7 uzun süre veri göndermediği için sessizlik anomalisi oluştu.
Node_6,2026-05-21 08:32:53,4,27.0,0.841,-74.4,354.0,node_failure,0.0498,True,Node_6 düğüm arızası olasılığı nedeniyle riskli olarak işaretlendi.
Node_4,2026-05-21 08:32:53,27,81.47,0.058,-49.4,19.8,normal,-0.1895,False,
Node_3,2026-05-21 08:32:53,226,79.39,0.123,-54.8,18.6,suspicious_activity,-0.0056,True,Node_3 normalden fazla veri gönderdiği için şüpheli aktivite olarak işaretlendi.
Node_2,2026-05-21 08:32:53,43,73.24,0.045,-52.9,6.3,normal,-0.1655,False,
Node_1,2026-05-21 08:32:53,37,67.88,0.011,-53.0,16.1,normal,-0.1707,False,
Node_5,2026-05-21 08:32:53,27,5.2,0.073,-51.9,31.4,energy_drop,-0.0796,True,Node_5 pil seviyesinde ani düşüş olduğu için enerji anomalisi tespit edildi.
Node_7,2026-05-21 08:33:13,43,60.46,0.056,-49.9,6.4,normal,-0.1724,False,
Node_10,2026-05-21 08:33:13,34,85.4,0.045,-49.0,22.9,normal,-0.1653,False,
Node_9,2026-05-21 08:33:13,22,60.8,0.05,-48.2,23.3,normal,-0.1962,False,
Node_8,2026-05-21 08:33:13,27,71.22,0.012,-57.8,11.0,normal,-0.1794,False,
Node_6,2026-05-21 08:33:13,4,14.93,0.943,-65.6,394.6,node_failure,0.0683,True,Node_6 düğüm arızası olasılığı nedeniyle riskli olarak işaretlendi.
Node_5,2026-05-21 08:33:13,39,82.44,0.044,-50.5,11.8,normal,-0.1761,False,
Node_4,2026-05-21 08:33:13,21,81.31,0.056,-53.7,9.3,normal,-0.1782,False,
Node_3,2026-05-21 08:33:13,22,79.17,0.041,-62.6,14.9,normal,-0.1756,False,
Node_2,2026-05-21 08:33:13,39,73.12,0.079,-48.8,9.6,normal,-0.1693,False,
Node_1,2026-05-21 08:33:13,17,67.69,0.066,-55.8,8.7,normal,-0.1867,False,
Node_10,2026-05-21 08:33:33,20,85.2,0.012,-50.5,17.4,normal,-0.1519,False,
Node_9,2026-05-21 08:33:33,23,60.68,0.276,-65.0,199.8,packet_loss,-0.0359,True,Node_9 yüksek iletim gecikmesi nedeniyle paket kaybı riski taşıyor.
Node_8,2026-05-21 08:33:33,40,71.09,0.025,-46.6,11.0,normal,-0.1557,False,
Node_7,2026-05-21 08:33:33,45,60.24,0.028,-63.9,17.8,normal,-0.1667,False,
Node_6,2026-05-21 08:33:33,25,59.7,0.048,-48.1,8.6,normal,-0.1938,False,
Node_5,2026-05-21 08:33:33,23,82.25,0.077,-53.0,15.4,normal,-0.1761,False,
Node_4,2026-05-21 08:33:33,30,81.1,0.061,-58.5,11.0,normal,-0.1874,False,
Node_3,2026-05-21 08:33:33,317,79.06,0.08,-55.0,16.0,suspicious_activity,0.017,True,Node_3 normalden fazla veri gönderdiği için şüpheli aktivite olarak işaretlendi.
Node_2,2026-05-21 08:33:33,17,73.07,0.529,-60.1,61.3,communication_error,-0.0454,True,Node_2 yüksek hata oranı nedeniyle iletişim problemi olarak işaretlendi.
Node_1,2026-05-21 08:33:33,36,67.49,0.079,-54.4,11.5,normal,-0.1906,False,
Node_10,2026-05-21 08:33:53,31,85.06,0.036,-48.5,7.0,normal,-0.1542,False,
Node_9,2026-05-21 08:33:53,35,60.52,0.067,-61.5,19.4,normal,-0.2025,False,
Node_8,2026-05-21 08:33:53,30,71.01,0.039,-63.3,5.3,normal,-0.1688,False,
Node_7,2026-05-21 08:33:53,30,60.03,0.077,-79.6,17.9,node_silence,-0.0746,True,Node_7 uzun süre veri göndermediği için sessizlik anomalisi oluştu.
Node_6,2026-05-21 08:33:53,4,16.62,0.856,-70.6,269.5,node_failure,0.0336,True,Node_6 düğüm arızası olasılığı nedeniyle riskli olarak işaretlendi.
Node_4,2026-05-21 08:33:53,19,80.92,0.078,-61.5,21.3,normal,-0.1686,False,
Node_3,2026-05-21 08:33:53,295,78.87,0.118,-75.4,20.0,suspicious_activity,0.0565,True,Node_3 normalden fazla veri gönderdiği için şüpheli aktivite olarak işaretlendi.
Node_2,2026-05-21 08:33:53,18,72.9,0.037,-56.0,22.9,normal,-0.1828,False,
Node_1,2026-05-21 08:33:53,15,67.35,0.074,-59.5,14.8,normal,-0.1754,False,
Node_5,2026-05-21 08:33:53,20,11.02,0.035,-57.8,21.3,energy_drop,-0.1086,True,Node_5 pil seviyesinde ani düşüş olduğu için enerji anomalisi tespit edildi.
Node_5,2026-05-21 08:34:13,19,6.17,0.056,-62.1,32.9,energy_drop,-0.0947,True,Node_5 pil seviyesinde ani düşüş olduğu için enerji anomalisi tespit edildi.
Node_1,2026-05-21 08:34:13,27,67.27,0.069,-50.0,13.7,normal,-0.2033,False,
Node_2,2026-05-21 08:34:13,27,72.78,0.014,-56.4,14.4,normal,-0.1746,False,
Node_3,2026-05-21 08:34:13,247,78.77,0.146,-76.1,38.4,suspicious_activity,0.0543,True,Node_3 normalden fazla veri gönderdiği için şüpheli aktivite olarak işaretlendi.
Node_4,2026-05-21 08:34:13,44,80.69,0.047,-63.4,20.7,normal,-0.1584,False,
Node_6,2026-05-21 08:34:13,32,59.46,0.08,-60.5,15.3,normal,-0.1938,False,
Node_7,2026-05-21 08:34:13,32,59.92,0.03,-62.5,25.3,node_silence,-0.1912,True,Node_7 uzun süre veri göndermediği için sessizlik anomalisi oluştu.
Node_8,2026-05-21 08:34:13,43,70.91,0.038,-55.0,7.6,normal,-0.1769,False,
Node_9,2026-05-21 08:34:13,39,60.3,0.027,-47.8,14.5,normal,-0.1774,False,
Node_10,2026-05-21 08:34:13,19,84.94,0.016,-62.8,23.7,normal,-0.1405,False,
Node_8,2026-05-21 08:34:33,41,70.8,0.061,-46.8,13.7,normal,-0.1692,False,
Node_7,2026-05-21 08:34:33,23,59.76,0.025,-47.0,20.0,normal,-0.1826,False,
Node_10,2026-05-21 08:34:33,25,84.81,0.057,-58.1,21.1,normal,-0.185,False,
Node_9,2026-05-21 08:34:33,22,60.13,0.024,-59.6,20.7,normal,-0.1921,False,
Node_6,2026-05-21 08:34:33,26,59.23,0.029,-59.6,10.2,normal,-0.1975,False,
Node_5,2026-05-21 08:34:33,27,12.13,0.094,-63.6,31.3,energy_drop,-0.0883,True,Node_5 pil seviyesinde ani düşüş olduğu için enerji anomalisi tespit edildi.
Node_4,2026-05-21 08:34:33,22,80.46,0.055,-61.1,14.4,normal,-0.1816,False,
Node_3,2026-05-21 08:34:33,218,78.53,0.095,-66.7,15.5,suspicious_activity,-0.0008,True,Node_3 normalden fazla veri gönderdiği için şüpheli aktivite olarak işaretlendi.
Node_2,2026-05-21 08:34:33,30,72.54,0.067,-47.0,22.8,normal,-0.1716,False,
Node_1,2026-05-21 08:34:33,44,67.07,0.012,-48.0,16.8,normal,-0.1524,False,
Node_10,2026-05-21 08:34:53,42,84.7,0.076,-60.1,21.1,normal,-0.1578,False,
Node_9,2026-05-21 08:34:53,17,59.95,0.235,-66.9,126.6,packet_loss,-0.0684,True,Node_9 yüksek iletim gecikmesi nedeniyle paket kaybı riski taşıyor.
Node_8,2026-05-21 08:34:53,35,70.63,0.027,-53.3,21.8,normal,-0.1925,False,
Node_7,2026-05-21 08:34:53,39,59.63,0.075,-62.2,16.6,normal,-0.1879,False,
Node_6,2026-05-21 08:34:53,1,24.9,0.846,-53.2,452.8,node_failure,0.0994,True,Node_6 düğüm arızası olasılığı nedeniyle riskli olarak işaretlendi.
Node_5,2026-05-21 08:34:53,14,8.62,0.047,-70.4,31.5,energy_drop,-0.0543,True,Node_5 pil seviyesinde ani düşüş olduğu için enerji anomalisi tespit edildi.
Node_4,2026-05-21 08:34:53,32,80.28,0.08,-49.4,15.0,normal,-0.1728,False,
Node_3,2026-05-21 08:34:53,22,78.35,0.034,-62.1,21.6,normal,-0.1796,False,
Node_2,2026-05-21 08:34:53,42,72.49,0.061,-51.8,7.0,normal,-0.1723,False,
Node_1,2026-05-21 08:34:53,43,66.97,0.021,-56.8,8.4,normal,-0.1645,False,
Node_10,2026-05-21 08:35:13,43,84.64,0.073,-52.4,23.7,normal,-0.1551,False,
Node_9,2026-05-21 08:35:13,27,59.72,0.027,-62.2,12.0,normal,-0.199,False,
Node_8,2026-05-21 08:35:13,31,70.48,0.074,-46.6,16.3,normal,-0.169,False,
Node_7,2026-05-21 08:35:13,30,59.46,0.043,-62.5,11.8,normal,-0.2001,False,
Node_6,2026-05-21 08:35:13,5,31.5,0.901,-65.9,406.1,node_failure,0.0628,True,Node_6 düğüm arızası olasılığı nedeniyle riskli olarak işaretlendi.
Node_4,2026-05-21 08:35:13,39,80.05,0.053,-52.6,10.3,normal,-0.1806,False,
Node_3,2026-05-21 08:35:13,222,78.22,0.088,-74.7,33.8,suspicious_activity,0.0334,True,Node_3 normalden fazla veri gönderdiği için şüpheli aktivite olarak işaretlendi.
Node_2,2026-05-21 08:35:13,15,72.24,0.473,-54.2,39.8,communication_error,-0.0561,True,Node_2 yüksek hata oranı nedeniyle iletişim problemi olarak işaretlendi.
Node_1,2026-05-21 08:35:13,29,66.75,0.051,-57.8,13.7,normal,-0.206,False,
Node_5,2026-05-21 08:35:13,27,81.41,0.068,-63.9,18.4,normal,-0.179,False,
Node_5,2026-05-21 08:35:33,26,81.35,0.052,-64.8,23.2,normal,-0.166,False,
Node_1,2026-05-21 08:35:33,34,66.51,0.042,-62.7,16.0,normal,-0.1974,False,
Node_2,2026-05-21 08:35:33,17,72.06,0.026,-52.9,6.5,normal,-0.1624,False,
Node_3,2026-05-21 08:35:33,225,78.15,0.099,-51.9,39.5,suspicious_activity,0.0217,True,Node_3 normalden fazla veri gönderdiği için şüpheli aktivite olarak işaretlendi.
Node_4,2026-05-21 08:35:33,43,79.96,0.031,-48.1,23.1,normal,-0.1567,False,
Node_6,2026-05-21 08:35:33,24,58.8,0.029,-46.7,9.0,normal,-0.1762,False,
Node_7,2026-05-21 08:35:33,31,59.22,0.057,-76.0,26.1,node_silence,-0.109,True,Node_7 uzun süre veri göndermediği için sessizlik anomalisi oluştu.
Node_8,2026-05-21 08:35:33,28,70.28,0.038,-64.7,24.1,normal,-0.1809,False,
Node_9,2026-05-21 08:35:33,17,59.58,0.242,-67.9,269.3,packet_loss,-0.0071,True,Node_9 yüksek iletim gecikmesi nedeniyle paket kaybı riski taşıyor.
Node_10,2026-05-21 08:35:33,42,84.53,0.01,-56.7,12.2,normal,-0.1431,False,
Node_8,2026-05-21 08:35:53,27,70.16,0.047,-47.1,10.1,normal,-0.1864,False,
Node_7,2026-05-21 08:35:53,34,58.98,0.081,-52.2,29.5,node_silence,-0.1696,True,Node_7 uzun süre veri göndermediği için sessizlik anomalisi oluştu.
Node_10,2026-05-21 08:35:53,27,84.3,0.034,-58.2,11.6,normal,-0.184,False,
Node_9,2026-05-21 08:35:53,20,59.53,0.281,-67.6,148.9,packet_loss,-0.0613,True,Node_9 yüksek iletim gecikmesi nedeniyle paket kaybı riski taşıyor.
Node_6,2026-05-21 08:35:53,24,58.65,0.069,-59.8,21.5,normal,-0.2033,False,
Node_5,2026-05-21 08:35:53,29,81.15,0.06,-62.4,11.1,normal,-0.1855,False,
Node_4,2026-05-21 08:35:53,16,79.78,0.054,-51.8,14.6,normal,-0.1645,False,
Node_3,2026-05-21 08:35:53,203,77.98,0.081,-77.4,37.6,suspicious_activity,0.0463,True,Node_3 normalden fazla veri gönderdiği için şüpheli aktivite olarak işaretlendi.
Node_2,2026-05-21 08:35:53,17,71.89,0.557,-68.9,62.3,communication_error,-0.0435,True,Node_2 yüksek hata oranı nedeniyle iletişim problemi olarak işaretlendi.
Node_1,2026-05-21 08:35:53,31,66.35,0.028,-46.2,24.4,normal,-0.1608,False,
Node_10,2026-05-21 08:36:13,32,84.14,0.026,-50.8,5.9,normal,-0.1625,False,
Node_9,2026-05-21 08:36:13,18,59.32,0.046,-60.6,17.5,normal,-0.1943,False,
Node_8,2026-05-21 08:36:13,16,70.04,0.069,-51.2,5.9,normal,-0.166,False,
Node_7,2026-05-21 08:36:13,29,58.73,0.054,-46.3,19.2,normal,-0.1774,False,
Node_6,2026-05-21 08:36:13,1,13.45,0.85,-53.0,363.7,node_failure,0.0863,True,Node_6 düğüm arızası olasılığı nedeniyle riskli olarak işaretlendi.
Node_4,2026-05-21 08:36:13,19,79.67,0.021,-59.0,11.8,normal,-0.1676,False,
Node_3,2026-05-21 08:36:13,183,77.73,0.122,-60.6,15.5,suspicious_activity,-0.0223,True,Node_3 normalden fazla veri gönderdiği için şüpheli aktivite olarak işaretlendi.
Node_2,2026-05-21 08:36:13,17,71.7,0.413,-55.7,55.9,communication_error,-0.0659,True,Node_2 yüksek hata oranı nedeniyle iletişim problemi olarak işaretlendi.
Node_1,2026-05-21 08:36:13,16,66.24,0.062,-59.2,14.1,normal,-0.1843,False,
Node_5,2026-05-21 08:36:13,32,80.95,0.029,-55.8,20.6,normal,-0.1839,False,
Node_7,2026-05-21 08:36:33,36,58.57,0.043,-58.0,21.6,normal,-0.2024,False,
Node_10,2026-05-21 08:36:33,16,83.96,0.042,-62.9,16.8,normal,-0.1519,False,
Node_9,2026-05-21 08:36:33,13,59.22,0.307,-55.3,250.4,packet_loss,0.0081,True,Node_9 yüksek iletim gecikmesi nedeniyle paket kaybı riski taşıyor.
Node_8,2026-05-21 08:36:33,22,69.99,0.048,-60.8,6.6,normal,-0.1865,False,
Node_6,2026-05-21 08:36:33,4,29.12,0.763,-52.1,452.5,node_failure,0.0797,True,Node_6 düğüm arızası olasılığı nedeniyle riskli olarak işaretlendi.
Node_5,2026-05-21 08:36:33,10,7.95,0.085,-68.0,27.5,energy_drop,-0.0421,True,Node_5 pil seviyesinde ani düşüş olduğu için enerji anomalisi tespit edildi.
Node_4,2026-05-21 08:36:33,44,79.53,0.028,-55.0,6.5,normal,-0.1509,False,
Node_3,2026-05-21 08:36:33,38,77.66,0.074,-60.5,8.5,normal,-0.1646,False,
Node_2,2026-05-21 08:36:33,37,71.61,0.071,-61.0,6.5,normal,-0.1732,False,
Node_1,2026-05-21 08:36:33,32,66.08,0.015,-59.0,13.6,normal,-0.1827,False,
Node_10,2026-05-21 08:36:53,26,83.77,0.048,-59.5,22.4,normal,-0.185,False,
Node_9,2026-05-21 08:36:53,22,59.05,0.273,-76.7,259.9,packet_loss,0.024,True,Node_9 yüksek iletim gecikmesi nedeniyle paket kaybı riski taşıyor.
Node_8,2026-05-21 08:36:53,16,69.91,0.077,-50.0,17.3,normal,-0.1746,False,
Node_7,2026-05-21 08:36:53,33,58.45,0.042,-60.3,5.1,normal,-0.1769,False,
Node_6,2026-05-21 08:36:53,1,18.02,0.634,-50.6,224.7,node_failure,0.0643,True,Node_6 düğüm arızası olasılığı nedeniyle riskli olarak işaretlendi.
Node_5,2026-05-21 08:36:53,17,80.75,0.07,-45.9,23.4,normal,-0.1345,False,
Node_4,2026-05-21 08:36:53,29,79.35,0.023,-56.2,12.0,normal,-0.1813,False,
Node_3,2026-05-21 08:36:53,17,77.46,0.062,-56.7,22.2,normal,-0.1733,False,
Node_2,2026-05-21 08:36:53,10,71.41,0.559,-73.0,66.8,communication_error,-0.0138,True,Node_2 yüksek hata oranı nedeniyle iletişim problemi olarak işaretlendi.
Node_1,2026-05-21 08:36:53,20,65.99,0.035,-62.2,18.1,normal,-0.1995,False,
Node_9,2026-05-21 08:37:13,10,58.96,0.327,-52.0,211.9,packet_loss,0.0046,True,Node_9 yüksek iletim gecikmesi nedeniyle paket kaybı riski taşıyor.
Node_8,2026-05-21 08:37:13,41,69.7,0.023,-45.4,10.3,normal,-0.1254,False,
Node_7,2026-05-21 08:37:13,31,58.29,0.06,-55.9,24.4,normal,-0.1978,False,
Node_6,2026-05-21 08:37:13,4,25.89,0.652,-50.2,321.9,node_failure,0.0523,True,Node_6 düğüm arızası olasılığı nedeniyle riskli olarak işaretlendi.
Node_10,2026-05-21 08:37:13,21,83.63,0.018,-51.2,20.9,normal,-0.1679,False,
Node_4,2026-05-21 08:37:13,26,79.22,0.046,-47.7,7.2,normal,-0.1623,False,
Node_3,2026-05-21 08:37:13,22,77.25,0.04,-62.8,22.8,normal,-0.1739,False,
Node_2,2026-05-21 08:37:13,13,71.27,0.631,-72.2,61.2,communication_error,-0.0166,True,Node_2 yüksek hata oranı nedeniyle iletişim problemi olarak işaretlendi.
Node_1,2026-05-21 08:37:13,19,65.9,0.065,-48.1,8.2,normal,-0.1765,False,
Node_5,2026-05-21 08:37:13,24,80.63,0.064,-47.9,23.1,normal,-0.171,False,
Node_10,2026-05-21 08:37:33,28,83.45,0.044,-64.6,20.9,normal,-0.166,False,
Node_9,2026-05-21 08:37:33,44,58.9,0.027,-59.8,11.8,normal,-0.1813,False,
Node_8,2026-05-21 08:37:33,29,69.5,0.079,-46.1,23.6,normal,-0.157,False,
Node_7,2026-05-21 08:37:33,43,58.05,0.051,-45.1,8.1,normal,-0.1267,False,
Node_6,2026-05-21 08:37:33,4,14.31,0.779,-79.3,204.9,node_failure,0.0612,True,Node_6 düğüm arızası olasılığı nedeniyle riskli olarak işaretlendi.
Node_5,2026-05-21 08:37:33,43,80.54,0.08,-55.1,9.0,normal,-0.1524,False,
Node_4,2026-05-21 08:37:33,36,78.98,0.057,-51.2,12.1,normal,-0.1882,False,
Node_3,2026-05-21 08:37:33,28,77.11,0.013,-49.2,16.1,normal,-0.1693,False,
Node_2,2026-05-21 08:37:33,31,71.2,0.571,-68.7,46.6,communication_error,-0.0273,True,Node_2 yüksek hata oranı nedeniyle iletişim problemi olarak işaretlendi.
Node_1,2026-05-21 08:37:33,36,65.77,0.033,-57.6,18.2,normal,-0.1995,False,
Node_10,2026-05-21 08:37:53,36,83.39,0.028,-60.4,15.6,normal,-0.178,False,
Node_9,2026-05-21 08:37:53,9,58.83,0.193,-78.3,123.2,packet_loss,0.0098,True,Node_9 yüksek iletim gecikmesi nedeniyle paket kaybı riski taşıyor.
Node_8,2026-05-21 08:37:53,28,69.37,0.06,-51.8,10.7,normal,-0.2042,False,
Node_7,2026-05-21 08:37:53,35,57.82,0.018,-48.3,7.3,normal,-0.1676,False,
Node_6,2026-05-21 08:37:53,21,57.92,0.071,-57.6,15.9,normal,-0.2012,False,
Node_5,2026-05-21 08:37:53,34,80.45,0.036,-54.9,18.9,normal,-0.1905,False,
Node_4,2026-05-21 08:37:53,45,78.85,0.04,-64.8,13.2,normal,-0.1549,False,
Node_3,2026-05-21 08:37:53,217,76.93,0.14,-57.2,17.9,suspicious_activity,-0.0124,True,Node_3 normalden fazla veri gönderdiği için şüpheli aktivite olarak işaretlendi.
Node_2,2026-05-21 08:37:53,16,71.03,0.035,-51.0,11.5,normal,-0.1766,False,
Node_1,2026-05-21 08:37:53,15,65.66,0.046,-49.8,9.6,normal,-0.1759,False,
Node_10,2026-05-21 08:38:13,26,83.19,0.042,-64.2,19.3,normal,-0.1753,False,
Node_9,2026-05-21 08:38:13,10,58.65,0.158,-59.5,135.0,packet_loss,-0.0494,True,Node_9 yüksek iletim gecikmesi nedeniyle paket kaybı riski taşıyor.
Node_8,2026-05-21 08:38:13,40,69.2,0.027,-45.1,10.5,normal,-0.1313,False,
Node_7,2026-05-21 08:38:13,27,57.61,0.058,-51.4,16.7,node_silence,-0.209,True,Node_7 uzun süre veri göndermediği için sessizlik anomalisi oluştu.
Node_6,2026-05-21 08:38:13,0,14.05,0.882,-59.0,254.9,node_failure,0.0644,True,Node_6 düğüm arızası olasılığı nedeniyle riskli olarak işaretlendi.
Node_4,2026-05-21 08:38:13,41,78.7,0.058,-47.7,14.5,normal,-0.1645,False,
Node_3,2026-05-21 08:38:13,37,76.86,0.022,-49.7,18.9,normal,-0.179,False,
Node_2,2026-05-21 08:38:13,34,70.8,0.613,-70.2,72.8,communication_error,-0.0115,True,Node_2 yüksek hata oranı nedeniyle iletişim problemi olarak işaretlendi.
Node_1,2026-05-21 08:38:13,26,65.43,0.018,-48.7,15.4,normal,-0.1869,False,
Node_5,2026-05-21 08:38:13,37,80.28,0.043,-62.0,8.0,normal,-0.167,False,
Node_7,2026-05-21 08:38:33,16,57.51,0.028,-49.5,24.6,normal,-0.1709,False,
Node_10,2026-05-21 08:38:33,15,83.04,0.029,-61.0,15.3,normal,-0.1533,False,
Node_9,2026-05-21 08:38:33,26,58.58,0.034,-50.5,9.4,normal,-0.1981,False,
Node_8,2026-05-21 08:38:33,21,69.08,0.017,-64.1,24.4,normal,-0.164,False,
Node_6,2026-05-21 08:38:33,1,18.42,0.692,-78.7,278.3,node_failure,0.0542,True,Node_6 düğüm arızası olasılığı nedeniyle riskli olarak işaretlendi.
Node_5,2026-05-21 08:38:33,23,11.75,0.065,-55.8,19.4,energy_drop,-0.1118,True,Node_5 pil seviyesinde ani düşüş olduğu için enerji anomalisi tespit edildi.
Node_4,2026-05-21 08:38:33,29,78.61,0.078,-56.8,11.8,normal,-0.172,False,
Node_3,2026-05-21 08:38:33,201,76.77,0.133,-66.2,25.5,suspicious_activity,0.0012,True,Node_3 normalden fazla veri gönderdiği için şüpheli aktivite olarak işaretlendi.
Node_2,2026-05-21 08:38:33,19,70.73,0.644,-55.1,62.7,communication_error,-0.0109,True,Node_2 yüksek hata oranı nedeniyle iletişim problemi olarak işaretlendi.
Node_1,2026-05-21 08:38:33,40,65.23,0.036,-47.3,12.1,normal,-0.1709,False,
Node_10,2026-05-21 08:38:53,45,82.98,0.055,-60.0,24.7,normal,-0.1534,False,
Node_9,2026-05-21 08:38:53,13,58.53,0.341,-58.1,228.6,packet_loss,-0.0181,True,Node_9 yüksek iletim gecikmesi nedeniyle paket kaybı riski taşıyor.
Node_8,2026-05-21 08:38:53,16,69.0,0.056,-58.5,24.3,normal,-0.1757,False,
Node_7,2026-05-21 08:38:53,40,57.42,0.066,-56.5,22.1,normal,-0.1918,False,
Node_6,2026-05-21 08:38:53,25,57.64,0.047,-55.5,10.7,normal,-0.205,False,
Node_4,2026-05-21 08:38:53,41,78.44,0.029,-58.9,12.0,normal,-0.1715,False,
Node_3,2026-05-21 08:38:53,221,76.55,0.115,-75.5,12.1,suspicious_activity,0.0313,True,Node_3 normalden fazla veri gönderdiği için şüpheli aktivite olarak işaretlendi.
Node_2,2026-05-21 08:38:53,16,70.56,0.064,-53.1,11.5,normal,-0.1785,False,
Node_1,2026-05-21 08:38:53,29,65.08,0.036,-63.1,16.9,normal,-0.1969,False,
Node_5,2026-05-21 08:38:53,20,79.98,0.036,-57.1,9.0,normal,-0.1716,False,
Node_7,2026-05-21 08:39:13,23,57.36,0.052,-45.3,12.0,normal,-0.1625,False,
Node_10,2026-05-21 08:39:13,33,82.78,0.024,-58.9,15.9,normal,-0.1767,False,
Node_9,2026-05-21 08:39:13,18,58.37,0.322,-70.5,136.8,packet_loss,-0.0435,True,Node_9 yüksek iletim gecikmesi nedeniyle paket kaybı riski taşıyor.
Node_8,2026-05-21 08:39:13,21,68.79,0.065,-57.9,24.4,normal,-0.1962,False,
Node_6,2026-05-21 08:39:13,28,57.46,0.046,-52.8,20.4,normal,-0.2064,False,
Node_5,2026-05-21 08:39:13,45,79.82,0.066,-46.7,7.4,normal,-0.1298,False,
Node_4,2026-05-21 08:39:13,37,78.28,0.031,-62.5,21.0,normal,-0.1762,False,
Node_3,2026-05-21 08:39:13,247,76.46,0.124,-63.1,17.0,suspicious_activity,-0.0019,True,Node_3 normalden fazla veri gönderdiği için şüpheli aktivite olarak işaretlendi.
Node_2,2026-05-21 08:39:13,35,70.32,0.017,-64.0,22.2,normal,-0.1721,False,
Node_1,2026-05-21 08:39:13,38,64.84,0.015,-59.4,19.7,normal,-0.1764,False,
Node_10,2026-05-21 08:39:33,40,82.57,0.043,-52.8,19.4,normal,-0.1777,False,
Node_9,2026-05-21 08:39:33,17,58.2,0.341,-50.6,145.2,packet_loss,-0.0278,True,Node_9 yüksek iletim gecikmesi nedeniyle paket kaybı riski taşıyor.
Node_8,2026-05-21 08:39:33,43,68.69,0.064,-52.1,6.6,normal,-0.1705,False,
Node_7,2026-05-21 08:39:33,25,57.31,0.077,-45.1,12.7,normal,-0.1467,False,
Node_6,2026-05-21 08:39:33,5,10.52,0.791,-79.0,238.7,node_failure,0.0662,True,Node_6 düğüm arızası olasılığı nedeniyle riskli olarak işaretlendi.
Node_5,2026-05-21 08:39:33,19,13.89,0.022,-57.1,47.2,energy_drop,-0.0799,True,Node_5 pil seviyesinde ani düşüş olduğu için enerji anomalisi tespit edildi.
Node_4,2026-05-21 08:39:33,38,78.16,0.058,-51.7,11.6,normal,-0.1861,False,
Node_3,2026-05-21 08:39:33,45,76.39,0.029,-49.0,6.2,normal,-0.1402,False,
Node_2,2026-05-21 08:39:33,29,70.11,0.025,-62.9,7.6,normal,-0.1784,False,
Node_1,2026-05-21 08:39:33,21,64.62,0.078,-56.4,13.4,normal,-0.1977,False,
Node_9,2026-05-21 08:39:53,25,58.05,0.324,-71.6,191.4,packet_loss,-0.0083,True,Node_9 yüksek iletim gecikmesi nedeniyle paket kaybı riski taşıyor.
Node_8,2026-05-21 08:39:53,27,68.61,0.058,-50.9,8.7,normal,-0.1996,False,
Node_7,2026-05-21 08:39:53,42,57.21,0.045,-57.7,20.8,normal,-0.1948,False,
Node_6,2026-05-21 08:39:53,44,57.19,0.032,-59.1,8.6,normal,-0.1784,False,
Node_10,2026-05-21 08:39:53,45,82.38,0.07,-50.7,15.5,normal,-0.1703,False,
Node_4,2026-05-21 08:39:53,33,77.99,0.07,-52.7,23.3,normal,-0.1844,False,
Node_1,2026-05-21 08:39:53,29,64.39,0.026,-56.4,9.3,normal,-0.1945,False,
Node_5,2026-05-21 08:39:53,16,7.6,0.04,-77.6,20.9,energy_drop,-0.0364,True,Node_5 pil seviyesinde ani düşüş olduğu için enerji anomalisi tespit edildi.
Node_3,2026-05-21 08:39:53,31,76.2,0.017,-54.9,17.3,normal,-0.1823,False,
Node_2,2026-05-21 08:39:53,32,69.9,0.525,-73.0,58.0,communication_error,-0.0221,True,Node_2 yüksek hata oranı nedeniyle iletişim problemi olarak işaretlendi.
Node_1,2026-05-21 08:40:13,33,64.27,0.046,-53.5,11.3,normal,-0.2041,False,
Node_2,2026-05-21 08:40:13,18,69.68,0.44,-52.8,51.7,communication_error,-0.0528,True,Node_2 yüksek hata oranı nedeniyle iletişim problemi olarak işaretlendi.
Node_3,2026-05-21 08:40:13,244,76.09,0.069,-74.3,38.0,suspicious_activity,0.0361,True,Node_3 normalden fazla veri gönderdiği için şüpheli aktivite olarak işaretlendi.
Node_4,2026-05-21 08:40:13,21,77.82,0.021,-52.3,7.0,normal,-0.161,False,
Node_5,2026-05-21 08:40:13,26,9.31,0.092,-51.0,20.4,energy_drop,-0.0923,True,Node_5 pil seviyesinde ani düşüş olduğu için enerji anomalisi tespit edildi.
Node_6,2026-05-21 08:40:13,4,22.57,0.659,-77.5,309.2,node_failure,0.0325,True,Node_6 düğüm arızası olasılığı nedeniyle riskli olarak işaretlendi.
Node_8,2026-05-21 08:40:13,40,68.55,0.049,-62.4,17.9,normal,-0.1914,False,
Node_9,2026-05-21 08:40:13,38,57.97,0.047,-57.0,8.7,normal,-0.1867,False,
Node_10,2026-05-21 08:40:13,30,82.17,0.028,-56.1,18.2,normal,-0.1842,False,
Node_9,2026-05-21 08:40:33,13,57.84,0.285,-68.0,133.8,packet_loss,-0.0504,True,Node_9 yüksek iletim gecikmesi nedeniyle paket kaybı riski taşıyor.
Node_8,2026-05-21 08:40:33,23,68.5,0.055,-45.7,24.4,normal,-0.1666,False,
Node_6,2026-05-21 08:40:33,39,57.01,0.071,-49.6,13.1,normal,-0.1918,False,
Node_5,2026-05-21 08:40:33,42,79.05,0.017,-49.8,20.2,normal,-0.163,False,
Node_10,2026-05-21 08:40:33,16,82.0,0.052,-64.4,22.5,normal,-0.1478,False,
Node_3,2026-05-21 08:40:33,237,75.86,0.093,-57.4,23.1,suspicious_activity,-0.0358,True,Node_3 normalden fazla veri gönderdiği için şüpheli aktivite olarak işaretlendi.
Node_2,2026-05-21 08:40:33,20,69.45,0.727,-53.2,44.3,communication_error,0.0106,True,Node_2 yüksek hata oranı nedeniyle iletişim problemi olarak işaretlendi.
Node_1,2026-05-21 08:40:33,19,64.18,0.062,-64.7,21.2,normal,-0.1867,False,
Node_4,2026-05-21 08:40:33,23,77.63,0.032,-62.4,7.9,normal,-0.1733,False,
Node_9,2026-05-21 08:40:53,10,57.75,0.151,-56.5,161.4,packet_loss,-0.0461,True,Node_9 yüksek iletim gecikmesi nedeniyle paket kaybı riski taşıyor.
Node_8,2026-05-21 08:40:53,20,68.33,0.014,-64.4,22.7,normal,-0.1693,False,
Node_6,2026-05-21 08:40:53,5,17.06,0.744,-58.6,283.1,node_failure,0.0289,True,Node_6 düğüm arızası olasılığı nedeniyle riskli olarak işaretlendi.
Node_5,2026-05-21 08:40:53,15,5.62,0.069,-66.9,48.1,energy_drop,-0.0524,True,Node_5 pil seviyesinde ani düşüş olduğu için enerji anomalisi tespit edildi.
Node_10,2026-05-21 08:40:53,34,81.88,0.053,-64.1,5.4,normal,-0.1475,False,
Node_3,2026-05-21 08:40:53,42,75.71,0.045,-54.2,14.9,normal,-0.1886,False,
Node_4,2026-05-21 08:40:53,31,77.54,0.076,-45.9,17.0,normal,-0.1411,False,
Node_1,2026-05-21 08:40:53,21,64.06,0.065,-57.0,6.5,normal,-0.1868,False,
Node_2,2026-05-21 08:40:53,24,69.3,0.062,-63.2,20.3,normal,-0.1961,False,
Node_1,2026-05-21 08:41:13,30,63.84,0.037,-56.9,12.6,normal,-0.2037,False,
Node_2,2026-05-21 08:41:13,10,69.12,0.613,-66.3,74.7,communication_error,-0.0144,True,Node_2 yüksek hata oranı nedeniyle iletişim problemi olarak işaretlendi.
Node_3,2026-05-21 08:41:13,229,75.57,0.088,-73.1,11.1,suspicious_activity,0.0161,True,Node_3 normalden fazla veri gönderdiği için şüpheli aktivite olarak işaretlendi.
Node_4,2026-05-21 08:41:13,44,77.37,0.04,-46.1,19.4,normal,-0.1445,False,
Node_6,2026-05-21 08:41:13,29,56.65,0.047,-51.7,6.3,normal,-0.1905,False,
Node_8,2026-05-21 08:41:13,21,68.2,0.061,-49.0,8.1,normal,-0.1832,False,
Node_9,2026-05-21 08:41:13,24,57.57,0.016,-59.6,21.2,normal,-0.185,False,
Node_10,2026-05-21 08:41:13,15,81.8,0.017,-59.0,7.2,normal,-0.1267,False,
Node_5,2026-05-21 08:41:13,16,12.71,0.026,-69.3,44.4,energy_drop,-0.0561,True,Node_5 pil seviyesinde ani düşüş olduğu için enerji anomalisi tespit edildi.
Node_6,2026-05-21 08:41:33,3,39.36,0.693,-66.4,213.1,node_failure,-0.0056,True,Node_6 düğüm arızası olasılığı nedeniyle riskli olarak işaretlendi.
Node_9,2026-05-21 08:41:33,19,57.38,0.074,-45.2,8.5,normal,-0.1466,False,
Node_8,2026-05-21 08:41:33,18,68.14,0.032,-53.0,15.9,normal,-0.1918,False,
Node_10,2026-05-21 08:41:33,36,81.56,0.023,-56.8,8.6,normal,-0.1661,False,
Node_4,2026-05-21 08:41:33,30,77.28,0.068,-51.7,10.1,normal,-0.1872,False,
Node_3,2026-05-21 08:41:33,343,75.45,0.076,-74.1,32.6,suspicious_activity,0.0612,True,Node_3 normalden fazla veri gönderdiği için şüpheli aktivite olarak işaretlendi.
Node_2,2026-05-21 08:41:33,39,68.94,0.072,-52.2,9.4,normal,-0.1803,False,
Node_1,2026-05-21 08:41:33,27,63.61,0.017,-63.8,12.6,normal,-0.1852,False,
Node_5,2026-05-21 08:41:33,19,78.72,0.062,-49.4,22.5,normal,-0.1706,False,
Node_10,2026-05-21 08:41:53,37,81.45,0.034,-49.0,8.5,normal,-0.1666,False,
Node_9,2026-05-21 08:41:53,24,57.15,0.018,-56.7,19.7,normal,-0.1897,False,
Node_8,2026-05-21 08:41:53,21,67.91,0.069,-47.7,6.7,normal,-0.1723,False,
Node_6,2026-05-21 08:41:53,5,36.26,0.609,-77.5,226.8,node_failure,0.0194,True,Node_6 düğüm arızası olasılığı nedeniyle riskli olarak işaretlendi.
Node_5,2026-05-21 08:41:53,32,78.67,0.046,-62.0,19.1,normal,-0.1888,False,
Node_4,2026-05-21 08:41:53,28,77.06,0.023,-56.4,24.3,normal,-0.1774,False,
Node_3,2026-05-21 08:41:53,337,75.32,0.122,-61.5,30.6,suspicious_activity,0.0445,True,Node_3 normalden fazla veri gönderdiği için şüpheli aktivite olarak işaretlendi.
Node_2,2026-05-21 08:41:53,16,68.87,0.046,-48.7,10.9,normal,-0.1715,False,
Node_1,2026-05-21 08:41:53,36,63.37,0.06,-46.9,10.8,normal,-0.1805,False,
Node_9,2026-05-21 08:42:13,8,57.01,0.257,-50.8,200.4,packet_loss,-0.007,True,Node_9 yüksek iletim gecikmesi nedeniyle paket kaybı riski taşıyor.
Node_8,2026-05-21 08:42:13,40,67.81,0.026,-59.2,22.3,normal,-0.1824,False,
Node_6,2026-05-21 08:42:13,35,56.16,0.047,-64.0,8.6,normal,-0.187,False,
Node_5,2026-05-21 08:42:13,25,12.87,0.03,-73.9,41.9,energy_drop,-0.0354,True,Node_5 pil seviyesinde ani düşüş olduğu için enerji anomalisi tespit edildi.
Node_10,2026-05-21 08:42:13,21,81.25,0.03,-46.9,8.7,normal,-0.158,False,
Node_3,2026-05-21 08:42:13,204,75.22,0.065,-59.1,11.7,suspicious_activity,-0.0509,True,Node_3 normalden fazla veri gönderdiği için şüpheli aktivite olarak işaretlendi.
Node_2,2026-05-21 08:42:13,16,68.62,0.697,-66.7,64.7,communication_error,-0.0179,True,Node_2 yüksek hata oranı nedeniyle iletişim problemi olarak işaretlendi.
Node_1,2026-05-21 08:42:13,45,63.13,0.028,-46.2,24.3,normal,-0.1283,False,
Node_4,2026-05-21 08:42:13,27,76.9,0.054,-50.7,5.1,normal,-0.1677,False,
Node_9,2026-05-21 08:42:33,41,56.82,0.065,-58.7,13.8,normal,-0.1968,False,
Node_8,2026-05-21 08:42:33,21,67.69,0.036,-57.3,12.8,normal,-0.1992,False,
Node_6,2026-05-21 08:42:33,45,55.97,0.017,-45.5,11.9,normal,-0.1178,False,
Node_5,2026-05-21 08:42:33,34,78.46,0.043,-57.7,14.4,normal,-0.19,False,
Node_10,2026-05-21 08:42:33,37,81.11,0.028,-45.9,19.6,normal,-0.1486,False,
Node_3,2026-05-21 08:42:33,344,75.04,0.088,-73.2,11.4,suspicious_activity,0.051,True,Node_3 normalden fazla veri gönderdiği için şüpheli aktivite olarak işaretlendi.
Node_2,2026-05-21 08:42:33,28,68.43,0.029,-55.3,5.4,normal,-0.1763,False,
Node_1,2026-05-21 08:42:33,29,62.89,0.038,-47.5,7.4,normal,-0.1775,False,
Node_4,2026-05-21 08:42:33,28,76.69,0.01,-46.1,6.6,normal,-0.121,False,
Node_10,2026-05-21 08:42:53,41,80.88,0.023,-55.6,20.2,normal,-0.1711,False,
Node_9,2026-05-21 08:42:53,15,56.59,0.068,-55.9,17.5,normal,-0.1786,False,
Node_8,2026-05-21 08:42:53,29,67.46,0.064,-57.0,6.9,normal,-0.1876,False,
Node_6,2026-05-21 08:42:53,4,19.92,0.917,-60.5,270.1,node_failure,0.0482,True,Node_6 düğüm arızası olasılığı nedeniyle riskli olarak işaretlendi.
Node_5,2026-05-21 08:42:53,15,12.31,0.037,-64.7,48.1,energy_drop,-0.0741,True,Node_5 pil seviyesinde ani düşüş olduğu için enerji anomalisi tespit edildi.
Node_3,2026-05-21 08:42:53,32,74.82,0.078,-46.6,22.5,normal,-0.157,False,
Node_2,2026-05-21 08:42:53,13,68.29,0.592,-74.7,54.6,communication_error,-0.0142,True,Node_2 yüksek hata oranı nedeniyle iletişim problemi olarak işaretlendi.
Node_1,2026-05-21 08:42:53,20,62.8,0.051,-56.6,21.9,normal,-0.2029,False,
Node_4,2026-05-21 08:42:53,33,76.45,0.074,-48.9,24.8,normal,-0.1697,False,
Node_10,2026-05-21 08:43:13,38,80.78,0.049,-50.6,20.9,normal,-0.1842,False,
Node_9,2026-05-21 08:43:13,16,56.38,0.047,-59.3,9.6,normal,-0.1812,False,
Node_8,2026-05-21 08:43:13,24,67.3,0.037,-50.7,18.4,normal,-0.2044,False,
Node_5,2026-05-21 08:43:13,21,7.74,0.083,-62.0,37.6,energy_drop,-0.0867,True,Node_5 pil seviyesinde ani düşüş olduğu için enerji anomalisi tespit edildi.
Node_6,2026-05-21 08:43:13,28,55.66,0.014,-63.2,12.2,normal,-0.1842,False,
Node_3,2026-05-21 08:43:13,287,74.65,0.052,-63.6,35.6,suspicious_activity,0.0133,True,Node_3 normalden fazla veri gönderdiği için şüpheli aktivite olarak işaretlendi.
Node_2,2026-05-21 08:43:13,11,68.16,0.655,-72.3,53.5,communication_error,-0.0032,True,Node_2 yüksek hata oranı nedeniyle iletişim problemi olarak işaretlendi.
Node_1,2026-05-21 08:43:13,42,62.71,0.08,-55.0,12.1,normal,-0.1788,False,
Node_4,2026-05-21 08:43:13,40,76.25,0.046,-60.1,10.7,normal,-0.1781,False,
Node_10,2026-05-21 08:43:33,44,80.53,0.031,-64.5,22.3,normal,-0.1524,False,
Node_9,2026-05-21 08:43:33,30,56.16,0.027,-46.6,14.2,normal,-0.1797,False,
Node_8,2026-05-21 08:43:33,23,67.17,0.069,-58.6,17.2,normal,-0.2091,False,
Node_6,2026-05-21 08:43:33,4,24.75,0.929,-57.4,281.9,node_failure,0.0518,True,Node_6 düğüm arızası olasılığı nedeniyle riskli olarak işaretlendi.
Node_5,2026-05-21 08:43:33,42,78.1,0.022,-62.6,5.8,normal,-0.1366,False,
Node_4,2026-05-21 08:43:33,28,76.01,0.077,-51.7,9.8,normal,-0.1834,False,
Node_3,2026-05-21 08:43:33,22,74.4,0.025,-47.0,24.2,normal,-0.159,False,
Node_2,2026-05-21 08:43:33,31,67.97,0.045,-60.2,16.3,normal,-0.2013,False,
Node_1,2026-05-21 08:43:33,23,62.49,0.063,-53.0,7.3,normal,-0.1903,False,
Node_10,2026-05-21 08:43:53,16,80.44,0.015,-62.3,10.3,normal,-0.1437,False,
Node_9,2026-05-21 08:43:53,20,55.95,0.205,-69.3,228.0,packet_loss,-0.024,True,Node_9 yüksek iletim gecikmesi nedeniyle paket kaybı riski taşıyor.
Node_8,2026-05-21 08:43:53,26,67.07,0.052,-63.6,6.7,normal,-0.1826,False,
Node_6,2026-05-21 08:43:53,2,12.79,0.816,-75.8,263.4,node_failure,0.0472,True,Node_6 düğüm arızası olasılığı nedeniyle riskli olarak işaretlendi.
Node_5,2026-05-21 08:43:53,17,77.9,0.035,-57.9,23.4,normal,-0.1659,False,
Node_4,2026-05-21 08:43:53,39,75.93,0.058,-52.3,11.0,normal,-0.1845,False,
Node_3,2026-05-21 08:43:53,208,74.26,0.116,-68.0,13.7,suspicious_activity,0.0158,True,Node_3 normalden fazla veri gönderdiği için şüpheli aktivite olarak işaretlendi.
Node_2,2026-05-21 08:43:53,20,67.85,0.54,-57.0,56.3,communication_error,-0.0574,True,Node_2 yüksek hata oranı nedeniyle iletişim problemi olarak işaretlendi.
Node_1,2026-05-21 08:43:53,15,62.43,0.046,-45.3,6.1,normal,-0.1232,False,
Node_10,2026-05-21 08:44:13,28,80.32,0.074,-46.0,16.8,normal,-0.1507,False,
Node_9,2026-05-21 08:44:13,11,55.75,0.307,-61.4,244.4,packet_loss,-0.0194,True,Node_9 yüksek iletim gecikmesi nedeniyle paket kaybı riski taşıyor.
Node_8,2026-05-21 08:44:13,39,66.96,0.028,-53.0,10.8,normal,-0.1841,False,
Node_6,2026-05-21 08:44:13,2,37.26,0.665,-51.5,304.2,node_failure,0.0383,True,Node_6 düğüm arızası olasılığı nedeniyle riskli olarak işaretlendi.
Node_5,2026-05-21 08:44:13,13,7.13,0.059,-62.6,15.3,energy_drop,-0.0753,True,Node_5 pil seviyesinde ani düşüş olduğu için enerji anomalisi tespit edildi.
Node_4,2026-05-21 08:44:13,44,75.78,0.077,-57.1,12.5,normal,-0.1666,False,
Node_3,2026-05-21 08:44:13,256,74.12,0.128,-57.5,27.6,suspicious_activity,-0.0072,True,Node_3 normalden fazla veri gönderdiği için şüpheli aktivite olarak işaretlendi.
Node_2,2026-05-21 08:44:13,22,67.62,0.061,-63.0,21.0,normal,-0.1988,False,
Node_1,2026-05-21 08:44:13,32,62.34,0.052,-61.4,7.6,normal,-0.1937,False,
Node_9,2026-05-21 08:44:33,30,55.63,0.073,-46.2,23.7,normal,-0.168,False,
Node_8,2026-05-21 08:44:33,42,66.89,0.073,-60.5,12.6,normal,-0.1818,False,
Node_6,2026-05-21 08:44:33,2,29.38,0.698,-59.8,294.1,node_failure,0.0172,True,Node_6 düğüm arızası olasılığı nedeniyle riskli olarak işaretlendi.
Node_5,2026-05-21 08:44:33,25,8.07,0.021,-63.0,39.3,energy_drop,-0.0859,True,Node_5 pil seviyesinde ani düşüş olduğu için enerji anomalisi tespit edildi.
Node_10,2026-05-21 08:44:33,35,80.23,0.037,-57.2,12.2,normal,-0.1861,False,
Node_3,2026-05-21 08:44:33,29,74.05,0.017,-61.5,23.0,normal,-0.1764,False,
Node_2,2026-05-21 08:44:33,32,67.55,0.428,-57.9,66.8,communication_error,-0.0575,True,Node_2 yüksek hata oranı nedeniyle iletişim problemi olarak işaretlendi.
Node_1,2026-05-21 08:44:33,34,62.11,0.014,-51.5,12.0,normal,-0.1841,False,
Node_4,2026-05-21 08:44:33,35,75.62,0.072,-46.1,12.6,normal,-0.1513,False,
Node_10,2026-05-21 08:44:53,30,80.15,0.01,-50.4,24.8,normal,-0.1536,False,
Node_9,2026-05-21 08:44:53,11,55.48,0.225,-70.6,266.2,packet_loss,-0.0088,True,Node_9 yüksek iletim gecikmesi nedeniyle paket kaybı riski taşıyor.
Node_8,2026-05-21 08:44:53,39,66.74,0.061,-64.9,21.5,normal,-0.1768,False,
Node_6,2026-05-21 08:44:53,3,21.21,0.655,-57.4,475.7,node_failure,0.0705,True,Node_6 düğüm arızası olasılığı nedeniyle riskli olarak işaretlendi.
Node_5,2026-05-21 08:44:53,10,13.61,0.022,-51.7,16.7,energy_drop,-0.0661,True,Node_5 pil seviyesinde ani düşüş olduğu için enerji anomalisi tespit edildi.
Node_4,2026-05-21 08:44:53,21,75.47,0.06,-60.6,18.8,normal,-0.1895,False,
Node_3,2026-05-21 08:44:53,18,73.94,0.069,-62.0,15.2,normal,-0.1813,False,
Node_2,2026-05-21 08:44:53,44,67.31,0.029,-57.9,10.6,normal,-0.1865,False,
Node_1,2026-05-21 08:44:53,30,61.87,0.045,-61.1,17.7,normal,-0.2045,False,
Node_9,2026-05-21 08:45:13,41,55.4,0.068,-60.9,13.1,normal,-0.1896,False,
Node_8,2026-05-21 08:45:13,20,66.67,0.03,-64.0,21.4,normal,-0.1918,False,
Node_6,2026-05-21 08:45:13,21,54.67,0.064,-48.7,20.5,normal,-0.195,False,
Node_5,2026-05-21 08:45:13,25,5.03,0.042,-58.4,38.2,energy_drop,-0.078,True,Node_5 pil seviyesinde ani düşüş olduğu için enerji anomalisi tespit edildi.
Node_10,2026-05-21 08:45:13,27,79.96,0.076,-56.1,16.7,normal,-0.1833,False,
Node_3,2026-05-21 08:45:13,226,73.73,0.073,-76.6,10.1,suspicious_activity,0.0202,True,Node_3 normalden fazla veri gönderdiği için şüpheli aktivite olarak işaretlendi.
Node_2,2026-05-21 08:45:13,31,67.19,0.623,-77.0,50.7,communication_error,-0.0001,True,Node_2 yüksek hata oranı nedeniyle iletişim problemi olarak işaretlendi.
Node_1,2026-05-21 08:45:13,31,61.77,0.022,-55.0,16.2,normal,-0.1953,False,
Node_4,2026-05-21 08:45:13,27,75.22,0.015,-55.5,24.3,normal,-0.1698,False,
Node_9,2026-05-21 08:45:33,25,55.27,0.015,-46.3,8.9,normal,-0.1526,False,
Node_8,2026-05-21 08:45:33,26,66.43,0.061,-45.5,10.0,normal,-0.1607,False,
Node_6,2026-05-21 08:45:33,0,19.02,0.937,-60.9,399.4,node_failure,0.091,True,Node_6 düğüm arızası olasılığı nedeniyle riskli olarak işaretlendi.
Node_5,2026-05-21 08:45:33,42,77.3,0.055,-56.1,7.0,normal,-0.1682,False,
Node_10,2026-05-21 08:45:33,30,79.76,0.03,-51.3,25.0,normal,-0.1737,False,
Node_3,2026-05-21 08:45:33,192,73.63,0.125,-68.4,23.0,suspicious_activity,0.0028,True,Node_3 normalden fazla veri gönderdiği için şüpheli aktivite olarak işaretlendi.
Node_2,2026-05-21 08:45:33,29,66.99,0.526,-78.2,73.0,communication_error,0.0058,True,Node_2 yüksek hata oranı nedeniyle iletişim problemi olarak işaretlendi.
Node_1,2026-05-21 08:45:33,43,61.61,0.023,-46.9,8.8,normal,-0.1507,False,
Node_4,2026-05-21 08:45:33,15,75.05,0.054,-56.2,12.4,normal,-0.1626,False,
Node_10,2026-05-21 08:45:53,30,79.65,0.039,-49.6,8.2,normal,-0.1762,False,
Node_9,2026-05-21 08:45:53,8,55.22,0.16,-73.8,225.0,packet_loss,0.0028,True,Node_9 yüksek iletim gecikmesi nedeniyle paket kaybı riski taşıyor.
Node_8,2026-05-21 08:45:53,36,66.19,0.048,-55.5,19.6,normal,-0.2014,False,
Node_6,2026-05-21 08:45:53,39,54.41,0.018,-52.3,9.2,normal,-0.1647,False,
Node_5,2026-05-21 08:45:53,26,77.1,0.017,-62.6,7.4,normal,-0.1623,False,
Node_3,2026-05-21 08:45:53,41,73.45,0.038,-62.7,13.5,normal,-0.1786,False,
Node_2,2026-05-21 08:45:53,31,66.78,0.534,-71.5,76.9,communication_error,-0.0279,True,Node_2 yüksek hata oranı nedeniyle iletişim problemi olarak işaretlendi.
Node_1,2026-05-21 08:45:53,36,61.48,0.068,-53.1,23.1,normal,-0.1941,False,
Node_4,2026-05-21 08:45:53,45,74.98,0.058,-57.1,5.0,normal,-0.1475,False,
Node_8,2026-05-21 08:46:13,40,66.07,0.07,-50.2,8.9,normal,-0.1823,False,
Node_10,2026-05-21 08:46:13,35,79.46,0.013,-64.7,11.0,normal,-0.1504,False,
Node_9,2026-05-21 08:46:13,22,55.02,0.254,-57.6,144.3,packet_loss,-0.0583,True,Node_9 yüksek iletim gecikmesi nedeniyle paket kaybı riski taşıyor.
Node_6,2026-05-21 08:46:13,35,54.29,0.026,-49.9,6.7,normal,-0.1798,False,
Node_5,2026-05-21 08:46:13,19,6.14,0.061,-64.5,36.4,energy_drop,-0.0912,True,Node_5 pil seviyesinde ani düşüş olduğu için enerji anomalisi tespit edildi.
Node_4,2026-05-21 08:46:13,34,74.83,0.033,-64.6,12.7,normal,-0.1752,False,
Node_3,2026-05-21 08:46:13,18,73.38,0.03,-62.8,5.6,normal,-0.1593,False,
Node_2,2026-05-21 08:46:13,15,66.66,0.419,-53.9,55.0,communication_error,-0.0676,True,Node_2 yüksek hata oranı nedeniyle iletişim problemi olarak işaretlendi.
Node_1,2026-05-21 08:46:13,20,61.33,0.039,-60.7,13.1,normal,-0.1962,False,
Node_10,2026-05-21 08:46:33,18,79.29,0.06,-56.8,23.4,normal,-0.171,False,
Node_9,2026-05-21 08:46:33,23,54.82,0.165,-55.4,174.7,packet_loss,-0.0469,True,Node_9 yüksek iletim gecikmesi nedeniyle paket kaybı riski taşıyor.
Node_8,2026-05-21 08:46:33,15,65.97,0.028,-51.2,6.0,normal,-0.1579,False,
Node_6,2026-05-21 08:46:33,30,54.14,0.068,-55.3,21.1,normal,-0.2048,False,
Node_5,2026-05-21 08:46:33,25,7.42,0.1,-58.0,49.4,energy_drop,-0.0657,True,Node_5 pil seviyesinde ani düşüş olduğu için enerji anomalisi tespit edildi.
Node_4,2026-05-21 08:46:33,36,74.74,0.035,-61.7,7.3,normal,-0.1813,False,
Node_3,2026-05-21 08:46:33,183,73.16,0.105,-64.3,28.4,suspicious_activity,-0.0257,True,Node_3 normalden fazla veri gönderdiği için şüpheli aktivite olarak işaretlendi.
Node_2,2026-05-21 08:46:33,31,66.6,0.047,-49.6,13.7,normal,-0.2014,False,
Node_1,2026-05-21 08:46:33,19,61.1,0.067,-52.9,23.9,normal,-0.1917,False,
Node_10,2026-05-21 08:46:53,17,79.11,0.025,-47.7,19.2,normal,-0.1548,False,
Node_9,2026-05-21 08:46:53,14,54.63,0.207,-60.1,238.2,packet_loss,-0.0183,True,Node_9 yüksek iletim gecikmesi nedeniyle paket kaybı riski taşıyor.
Node_8,2026-05-21 08:46:53,42,65.92,0.023,-60.7,24.8,normal,-0.1659,False,
Node_6,2026-05-21 08:46:53,41,54.01,0.022,-58.6,7.0,normal,-0.1655,False,
Node_5,2026-05-21 08:46:53,24,5.37,0.046,-55.6,30.1,energy_drop,-0.0865,True,Node_5 pil seviyesinde ani düşüş olduğu için enerji anomalisi tespit edildi.
Node_4,2026-05-21 08:46:53,43,74.51,0.055,-61.8,23.3,normal,-0.1724,False,
Node_3,2026-05-21 08:46:53,331,72.93,0.071,-62.0,14.7,suspicious_activity,0.0029,True,Node_3 normalden fazla veri gönderdiği için şüpheli aktivite olarak işaretlendi.
Node_2,2026-05-21 08:46:53,31,66.37,0.065,-51.9,14.1,normal,-0.1996,False,
Node_1,2026-05-21 08:46:53,25,60.92,0.055,-61.4,15.0,normal,-0.2053,False,
Node_10,2026-05-21 08:47:13,30,78.92,0.024,-45.1,23.5,normal,-0.1172,False,
Node_9,2026-05-21 08:47:13,15,54.4,0.306,-73.6,207.0,packet_loss,-0.0156,True,Node_9 yüksek iletim gecikmesi nedeniyle paket kaybı riski taşıyor.
Node_8,2026-05-21 08:47:13,42,65.72,0.068,-57.5,6.9,normal,-0.1759,False,
Node_6,2026-05-21 08:47:13,2,29.7,0.694,-74.8,464.0,node_failure,0.0694,True,Node_6 düğüm arızası olasılığı nedeniyle riskli olarak işaretlendi.
Node_5,2026-05-21 08:47:13,28,76.48,0.077,-52.4,18.4,normal,-0.1827,False,
Node_4,2026-05-21 08:47:13,34,74.41,0.016,-52.8,16.6,normal,-0.1803,False,
Node_3,2026-05-21 08:47:13,15,72.84,0.022,-53.8,9.6,normal,-0.152,False,
Node_2,2026-05-21 08:47:13,26,66.27,0.058,-49.7,12.1,normal,-0.2013,False,
Node_1,2026-05-21 08:47:13,22,60.71,0.071,-61.9,18.1,normal,-0.205,False,
Node_9,2026-05-21 08:47:33,13,54.24,0.247,-64.4,149.9,packet_loss,-0.0564,True,Node_9 yüksek iletim gecikmesi nedeniyle paket kaybı riski taşıyor.
Node_8,2026-05-21 08:47:33,43,65.64,0.019,-53.0,20.4,normal,-0.1698,False,
Node_6,2026-05-21 08:47:33,15,53.69,0.07,-51.6,16.2,normal,-0.179,False,
Node_5,2026-05-21 08:47:33,27,10.49,0.076,-76.0,37.9,energy_drop,-0.0343,True,Node_5 pil seviyesinde ani düşüş olduğu için enerji anomalisi tespit edildi.
Node_10,2026-05-21 08:47:33,26,78.84,0.028,-58.9,12.9,normal,-0.1811,False,
Node_3,2026-05-21 08:47:33,247,72.66,0.134,-65.3,21.6,suspicious_activity,-0.0033,True,Node_3 normalden fazla veri gönderdiği için şüpheli aktivite olarak işaretlendi.
Node_2,2026-05-21 08:47:33,20,66.1,0.402,-66.1,54.5,communication_error,-0.0922,True,Node_2 yüksek hata oranı nedeniyle iletişim problemi olarak işaretlendi.
Node_1,2026-05-21 08:47:33,35,60.62,0.077,-64.3,22.5,normal,-0.1865,False,
Node_4,2026-05-21 08:47:33,33,74.32,0.079,-51.8,18.8,normal,-0.1859,False,
Node_10,2026-05-21 08:47:53,16,78.71,0.013,-64.1,20.1,normal,-0.1297,False,
Node_9,2026-05-21 08:47:53,22,54.01,0.285,-78.0,139.4,packet_loss,-0.0101,True,Node_9 yüksek iletim gecikmesi nedeniyle paket kaybı riski taşıyor.
Node_8,2026-05-21 08:47:53,34,65.55,0.053,-64.1,24.7,normal,-0.1842,False,
Node_6,2026-05-21 08:47:53,0,37.25,0.936,-55.7,367.2,node_failure,0.0824,True,Node_6 düğüm arızası olasılığı nedeniyle riskli olarak işaretlendi.
Node_5,2026-05-21 08:47:53,21,76.35,0.058,-61.2,16.8,normal,-0.188,False,
Node_4,2026-05-21 08:47:53,35,74.24,0.079,-58.4,5.3,normal,-0.1625,False,
Node_3,2026-05-21 08:47:53,302,72.56,0.136,-52.7,37.1,suspicious_activity,0.0324,True,Node_3 normalden fazla veri gönderdiği için şüpheli aktivite olarak işaretlendi.
Node_2,2026-05-21 08:47:53,23,66.01,0.406,-75.7,76.7,communication_error,-0.04,True,Node_2 yüksek hata oranı nedeniyle iletişim problemi olarak işaretlendi.
Node_1,2026-05-21 08:47:53,27,60.46,0.03,-64.5,19.4,normal,-0.1972,False,
Node_9,2026-05-21 08:48:13,18,53.89,0.232,-61.4,145.0,packet_loss,-0.0649,True,Node_9 yüksek iletim gecikmesi nedeniyle paket kaybı riski taşıyor.
Node_8,2026-05-21 08:48:13,41,65.49,0.055,-58.5,22.3,normal,-0.1923,False,
Node_6,2026-05-21 08:48:13,3,12.91,0.626,-54.4,287.8,node_failure,0.0449,True,Node_6 düğüm arızası olasılığı nedeniyle riskli olarak işaretlendi.
Node_5,2026-05-21 08:48:13,11,8.13,0.021,-51.4,30.8,energy_drop,-0.0514,True,Node_5 pil seviyesinde ani düşüş olduğu için enerji anomalisi tespit edildi.
Node_10,2026-05-21 08:48:13,17,78.62,0.078,-59.2,11.4,normal,-0.1621,False,
Node_3,2026-05-21 08:48:13,17,72.32,0.08,-46.7,22.8,normal,-0.1425,False,
Node_2,2026-05-21 08:48:13,32,65.92,0.44,-52.4,37.8,communication_error,-0.0608,True,Node_2 yüksek hata oranı nedeniyle iletişim problemi olarak işaretlendi.
Node_1,2026-05-21 08:48:13,19,60.36,0.08,-54.5,14.2,normal,-0.1922,False,
Node_4,2026-05-21 08:48:13,29,74.08,0.079,-50.9,15.0,normal,-0.1862,False,
Node_9,2026-05-21 08:48:33,21,53.75,0.289,-64.5,190.0,packet_loss,-0.0537,True,Node_9 yüksek iletim gecikmesi nedeniyle paket kaybı riski taşıyor.
Node_8,2026-05-21 08:48:33,20,65.36,0.025,-55.8,12.2,normal,-0.195,False,
Node_6,2026-05-21 08:48:33,15,53.23,0.019,-54.2,18.1,normal,-0.1622,False,
Node_5,2026-05-21 08:48:33,33,76.12,0.052,-52.1,8.5,normal,-0.1914,False,
Node_10,2026-05-21 08:48:33,32,78.38,0.015,-57.4,19.5,normal,-0.1683,False,
Node_3,2026-05-21 08:48:33,16,72.22,0.068,-61.1,14.9,normal,-0.1762,False,
Node_2,2026-05-21 08:48:33,27,65.85,0.052,-64.2,6.0,normal,-0.1768,False,
Node_1,2026-05-21 08:48:33,15,60.16,0.031,-48.6,20.9,normal,-0.1757,False,
Node_4,2026-05-21 08:48:33,19,74.0,0.031,-57.6,19.0,normal,-0.1878,False,
Node_10,2026-05-21 08:48:53,31,78.23,0.048,-54.5,10.1,normal,-0.1914,False,
Node_9,2026-05-21 08:48:53,31,53.51,0.045,-64.6,14.9,normal,-0.1847,False,
Node_8,2026-05-21 08:48:53,43,65.15,0.032,-51.3,20.4,normal,-0.1882,False,
Node_6,2026-05-21 08:48:53,24,53.04,0.06,-56.7,12.7,normal,-0.1987,False,
Node_5,2026-05-21 08:48:53,35,76.06,0.025,-58.4,19.8,normal,-0.1895,False,
Node_3,2026-05-21 08:48:53,325,72.02,0.081,-65.0,32.7,suspicious_activity,0.0257,True,Node_3 normalden fazla veri gönderdiği için şüpheli aktivite olarak işaretlendi.
Node_2,2026-05-21 08:48:53,31,65.69,0.056,-57.8,8.0,normal,-0.194,False,
Node_1,2026-05-21 08:48:53,18,60.0,0.072,-46.2,17.1,normal,-0.1607,False,
Node_4,2026-05-21 08:48:53,26,73.8,0.056,-62.3,14.5,normal,-0.1985,False,
Node_6,2026-05-21 08:49:13,21,52.82,0.059,-45.5,5.2,normal,-0.1412,False,
Node_9,2026-05-21 08:49:13,24,53.38,0.299,-55.9,154.9,packet_loss,-0.035,True,Node_9 yüksek iletim gecikmesi nedeniyle paket kaybı riski taşıyor.
Node_8,2026-05-21 08:49:13,42,65.01,0.028,-50.4,13.0,normal,-0.1825,False,
Node_5,2026-05-21 08:49:13,27,8.29,0.088,-61.2,25.4,energy_drop,-0.0876,True,Node_5 pil seviyesinde ani düşüş olduğu için enerji anomalisi tespit edildi.
Node_10,2026-05-21 08:49:13,37,78.17,0.019,-61.4,16.6,normal,-0.1702,False,
Node_3,2026-05-21 08:49:13,249,71.81,0.077,-53.6,10.5,suspicious_activity,-0.0116,True,Node_3 normalden fazla veri gönderdiği için şüpheli aktivite olarak işaretlendi.
Node_2,2026-05-21 08:49:13,14,65.63,0.42,-56.8,53.8,communication_error,-0.0755,True,Node_2 yüksek hata oranı nedeniyle iletişim problemi olarak işaretlendi.
Node_1,2026-05-21 08:49:13,40,59.75,0.052,-62.0,13.4,normal,-0.1929,False,
Node_4,2026-05-21 08:49:13,38,73.58,0.048,-60.4,6.6,normal,-0.1725,False,
Node_10,2026-05-21 08:49:33,38,78.03,0.067,-46.9,23.3,normal,-0.1585,False,
Node_9,2026-05-21 08:49:33,23,53.21,0.167,-62.5,199.2,packet_loss,-0.0419,True,Node_9 yüksek iletim gecikmesi nedeniyle paket kaybı riski taşıyor.
Node_8,2026-05-21 08:49:33,28,64.93,0.01,-63.6,7.3,normal,-0.1624,False,
Node_6,2026-05-21 08:49:33,20,52.6,0.037,-49.3,17.5,normal,-0.1931,False,
Node_5,2026-05-21 08:49:33,45,75.88,0.079,-50.2,16.0,normal,-0.1651,False,
Node_4,2026-05-21 08:49:33,37,73.52,0.041,-46.8,23.0,normal,-0.1639,False,
Node_3,2026-05-21 08:49:33,24,71.58,0.036,-47.8,7.7,normal,-0.1826,False,
Node_2,2026-05-21 08:49:33,16,65.53,0.584,-77.9,34.9,communication_error,-0.0132,True,Node_2 yüksek hata oranı nedeniyle iletişim problemi olarak işaretlendi.
Node_1,2026-05-21 08:49:33,40,59.51,0.036,-47.4,10.4,normal,-0.1759,False,
Node_10,2026-05-21 08:49:53,41,77.91,0.069,-63.3,14.3,normal,-0.1636,False,
Node_9,2026-05-21 08:49:53,10,53.13,0.278,-63.1,221.9,packet_loss,-0.0362,True,Node_9 yüksek iletim gecikmesi nedeniyle paket kaybı riski taşıyor.
Node_8,2026-05-21 08:49:53,27,64.68,0.064,-54.7,9.0,normal,-0.2016,False,
Node_6,2026-05-21 08:49:53,3,32.13,0.882,-70.1,387.7,node_failure,0.0533,True,Node_6 düğüm arızası olasılığı nedeniyle riskli olarak işaretlendi.
Node_5,2026-05-21 08:49:53,16,8.17,0.026,-52.3,48.3,energy_drop,-0.0499,True,Node_5 pil seviyesinde ani düşüş olduğu için enerji anomalisi tespit edildi.
Node_4,2026-05-21 08:49:53,45,73.4,0.027,-45.5,22.0,normal,-0.1188,False,
Node_3,2026-05-21 08:49:53,25,71.47,0.071,-59.1,21.1,normal,-0.1999,False,
Node_2,2026-05-21 08:49:53,20,65.46,0.048,-49.1,21.3,normal,-0.1963,False,
Node_1,2026-05-21 08:49:53,40,59.37,0.025,-64.2,12.3,normal,-0.1718,False,
Node_10,2026-05-21 08:50:13,39,77.72,0.064,-51.5,23.7,normal,-0.1762,False,
Node_9,2026-05-21 08:50:13,28,52.98,0.022,-60.5,7.5,normal,-0.1808,False,
Node_8,2026-05-21 08:50:13,21,64.48,0.048,-52.4,21.0,normal,-0.1989,False,
Node_6,2026-05-21 08:50:13,1,37.15,0.765,-78.8,248.3,node_failure,0.0539,True,Node_6 düğüm arızası olasılığı nedeniyle riskli olarak işaretlendi.
Node_5,2026-05-21 08:50:13,21,6.58,0.099,-53.7,19.2,energy_drop,-0.0801,True,Node_5 pil seviyesinde ani düşüş olduğu için enerji anomalisi tespit edildi.
Node_4,2026-05-21 08:50:13,28,73.23,0.046,-45.1,20.0,normal,-0.147,False,
Node_3,2026-05-21 08:50:13,348,71.29,0.128,-50.9,18.4,suspicious_activity,0.0329,True,Node_3 normalden fazla veri gönderdiği için şüpheli aktivite olarak işaretlendi.
Node_2,2026-05-21 08:50:13,12,65.31,0.65,-66.6,69.7,communication_error,-0.0304,True,Node_2 yüksek hata oranı nedeniyle iletişim problemi olarak işaretlendi.
Node_1,2026-05-21 08:50:13,39,59.12,0.038,-60.6,6.2,normal,-0.1692,False,
Node_9,2026-05-21 08:50:33,38,52.9,0.065,-45.3,12.9,normal,-0.1465,False,
Node_8,2026-05-21 08:50:33,22,64.4,0.018,-64.2,19.6,normal,-0.1833,False,
Node_6,2026-05-21 08:50:33,20,52.06,0.054,-50.0,17.3,normal,-0.195,False,
Node_5,2026-05-21 08:50:33,39,75.23,0.061,-49.5,18.6,normal,-0.1868,False,
Node_10,2026-05-21 08:50:33,21,77.65,0.05,-48.3,8.1,normal,-0.1613,False,
Node_3,2026-05-21 08:50:33,213,71.14,0.137,-63.4,10.5,suspicious_activity,-0.0034,True,Node_3 normalden fazla veri gönderdiği için şüpheli aktivite olarak işaretlendi.
Node_2,2026-05-21 08:50:33,25,65.07,0.076,-49.3,16.6,normal,-0.1967,False,
Node_1,2026-05-21 08:50:33,18,58.95,0.01,-48.5,23.1,normal,-0.1553,False,
Node_4,2026-05-21 08:50:33,18,73.06,0.038,-45.2,10.2,normal,-0.1413,False,
Node_10,2026-05-21 08:50:53,43,77.5,0.055,-59.7,9.3,normal,-0.1677,False,
Node_9,2026-05-21 08:50:53,19,52.82,0.323,-55.3,267.6,packet_loss,0.0135,True,Node_9 yüksek iletim gecikmesi nedeniyle paket kaybı riski taşıyor.
Node_8,2026-05-21 08:50:53,21,64.23,0.032,-47.8,7.0,normal,-0.1783,False,
Node_6,2026-05-21 08:50:53,15,51.88,0.065,-59.0,21.9,normal,-0.1748,False,
Node_5,2026-05-21 08:50:53,20,75.07,0.075,-60.5,22.6,normal,-0.1825,False,
Node_4,2026-05-21 08:50:53,31,73.01,0.066,-54.3,17.6,normal,-0.2036,False,
Node_3,2026-05-21 08:50:53,250,70.95,0.057,-71.5,18.2,suspicious_activity,-0.0007,True,Node_3 normalden fazla veri gönderdiği için şüpheli aktivite olarak işaretlendi.
Node_2,2026-05-21 08:50:53,25,64.9,0.747,-71.4,38.6,communication_error,-0.0038,True,Node_2 yüksek hata oranı nedeniyle iletişim problemi olarak işaretlendi.
Node_1,2026-05-21 08:50:53,27,58.75,0.06,-50.9,8.5,normal,-0.2004,False,
Node_9,2026-05-21 08:51:13,25,52.73,0.281,-63.8,279.2,packet_loss,-0.0007,True,Node_9 yüksek iletim gecikmesi nedeniyle paket kaybı riski taşıyor.
Node_8,2026-05-21 08:51:13,32,63.98,0.026,-47.7,5.4,normal,-0.165,False,
Node_6,2026-05-21 08:51:13,23,51.82,0.029,-48.8,22.6,normal,-0.19,False,
Node_5,2026-05-21 08:51:13,30,13.48,0.076,-60.4,44.6,energy_drop,-0.0823,True,Node_5 pil seviyesinde ani düşüş olduğu için enerji anomalisi tespit edildi.
Node_10,2026-05-21 08:51:13,38,77.43,0.066,-56.6,23.6,normal,-0.1795,False,
Node_3,2026-05-21 08:51:13,312,70.81,0.056,-55.3,37.9,suspicious_activity,0.0259,True,Node_3 normalden fazla veri gönderdiği için şüpheli aktivite olarak işaretlendi.
Node_2,2026-05-21 08:51:13,25,64.71,0.036,-53.9,14.4,normal,-0.2071,False,
Node_1,2026-05-21 08:51:13,31,58.57,0.074,-58.4,11.2,normal,-0.2015,False,
Node_4,2026-05-21 08:51:13,26,72.92,0.018,-52.5,16.3,normal,-0.1859,False,
Node_9,2026-05-21 08:51:33,39,52.5,0.077,-64.6,18.1,normal,-0.1762,False,
Node_8,2026-05-21 08:51:33,31,63.93,0.028,-48.5,9.5,normal,-0.1846,False,
Node_6,2026-05-21 08:51:33,4,13.11,0.648,-57.0,203.9,node_failure,0.0303,True,Node_6 düğüm arızası olasılığı nedeniyle riskli olarak işaretlendi.
Node_5,2026-05-21 08:51:33,22,74.78,0.038,-55.2,21.1,normal,-0.1932,False,
Node_10,2026-05-21 08:51:33,31,77.27,0.011,-63.7,16.4,normal,-0.152,False,
Node_3,2026-05-21 08:51:33,16,70.6,0.072,-58.3,15.2,normal,-0.1772,False,
Node_2,2026-05-21 08:51:33,28,64.61,0.546,-61.2,58.7,communication_error,-0.0671,True,Node_2 yüksek hata oranı nedeniyle iletişim problemi olarak işaretlendi.
Node_1,2026-05-21 08:51:33,41,58.4,0.039,-50.4,18.8,normal,-0.1927,False,
Node_4,2026-05-21 08:51:33,22,72.67,0.054,-53.2,12.7,normal,-0.1914,False,
Node_10,2026-05-21 08:51:53,36,77.07,0.036,-53.8,21.5,normal,-0.1836,False,
Node_9,2026-05-21 08:51:53,38,52.31,0.014,-52.9,17.8,normal,-0.1733,False,
Node_8,2026-05-21 08:51:53,43,63.78,0.01,-49.7,15.8,normal,-0.1598,False,
Node_6,2026-05-21 08:51:53,0,12.99,0.669,-50.9,248.5,node_failure,0.075,True,Node_6 düğüm arızası olasılığı nedeniyle riskli olarak işaretlendi.
Node_5,2026-05-21 08:51:53,44,74.56,0.023,-51.9,7.6,normal,-0.1511,False,
Node_3,2026-05-21 08:51:53,339,70.45,0.107,-75.8,18.7,suspicious_activity,0.0518,True,Node_3 normalden fazla veri gönderdiği için şüpheli aktivite olarak işaretlendi.
Node_2,2026-05-21 08:51:53,23,64.38,0.486,-69.7,52.1,communication_error,-0.0716,True,Node_2 yüksek hata oranı nedeniyle iletişim problemi olarak işaretlendi.
Node_1,2026-05-21 08:51:53,32,58.26,0.049,-49.6,5.5,normal,-0.1824,False,
Node_4,2026-05-21 08:51:53,35,72.49,0.017,-57.9,11.2,normal,-0.1799,False,
Node_6,2026-05-21 08:52:13,2,21.22,0.884,-66.2,334.4,node_failure,0.0421,True,Node_6 düğüm arızası olasılığı nedeniyle riskli olarak işaretlendi.
Node_9,2026-05-21 08:52:13,40,52.21,0.074,-64.7,21.7,normal,-0.1777,False,
Node_8,2026-05-21 08:52:13,15,63.59,0.024,-53.2,22.2,normal,-0.1702,False,
Node_5,2026-05-21 08:52:13,17,7.41,0.056,-68.1,24.2,energy_drop,-0.0817,True,Node_5 pil seviyesinde ani düşüş olduğu için enerji anomalisi tespit edildi.
Node_10,2026-05-21 08:52:13,31,76.97,0.022,-58.1,15.3,normal,-0.1844,False,
Node_3,2026-05-21 08:52:13,31,70.24,0.031,-48.6,14.5,normal,-0.1944,False,
Node_1,2026-05-21 08:52:13,44,58.06,0.044,-48.2,5.8,normal,-0.1548,False,
Node_4,2026-05-21 08:52:13,28,72.31,0.02,-53.3,23.4,normal,-0.182,False,
Node_2,2026-05-21 08:52:13,29,64.26,0.358,-70.1,37.9,communication_error,-0.0846,True,Node_2 yüksek hata oranı nedeniyle iletişim problemi olarak işaretlendi.
Node_1,2026-05-21 08:52:33,23,57.9,0.027,-45.9,21.5,normal,-0.1686,False,
Node_2,2026-05-21 08:52:33,23,64.1,0.079,-63.2,20.7,normal,-0.1942,False,
Node_3,2026-05-21 08:52:33,43,69.99,0.034,-52.3,17.9,normal,-0.1865,False,
Node_4,2026-05-21 08:52:33,30,72.19,0.02,-54.5,7.3,normal,-0.1773,False,
Node_5,2026-05-21 08:52:33,13,9.81,0.064,-61.6,15.8,energy_drop,-0.0835,True,Node_5 pil seviyesinde ani düşüş olduğu için enerji anomalisi tespit edildi.
Node_6,2026-05-21 08:52:33,2,10.28,0.721,-59.4,257.4,node_failure,0.0419,True,Node_6 düğüm arızası olasılığı nedeniyle riskli olarak işaretlendi.
Node_8,2026-05-21 08:52:33,19,63.53,0.068,-47.0,8.5,normal,-0.1673,False,
Node_9,2026-05-21 08:52:33,11,52.12,0.18,-59.7,252.0,packet_loss,-0.011,True,Node_9 yüksek iletim gecikmesi nedeniyle paket kaybı riski taşıyor.
Node_10,2026-05-21 08:52:33,21,76.76,0.028,-48.0,6.3,normal,-0.1539,False,
Node_10,2026-05-21 08:52:53,28,76.62,0.013,-63.1,6.9,normal,-0.1496,False,
Node_9,2026-05-21 08:52:53,9,51.98,0.216,-72.4,129.9,packet_loss,-0.027,True,Node_9 yüksek iletim gecikmesi nedeniyle paket kaybı riski taşıyor.
Node_8,2026-05-21 08:52:53,41,63.45,0.02,-58.0,24.1,normal,-0.1717,False,
Node_6,2026-05-21 08:52:53,5,39.56,0.654,-63.9,355.9,node_failure,0.0195,True,Node_6 düğüm arızası olasılığı nedeniyle riskli olarak işaretlendi.
Node_2,2026-05-21 08:52:53,15,64.0,0.452,-62.4,61.8,communication_error,-0.0839,True,Node_2 yüksek hata oranı nedeniyle iletişim problemi olarak işaretlendi.
Node_4,2026-05-21 08:52:53,35,72.01,0.042,-48.4,21.3,normal,-0.1911,False,
Node_3,2026-05-21 08:52:53,237,69.94,0.105,-70.2,21.8,suspicious_activity,0.0021,True,Node_3 normalden fazla veri gönderdiği için şüpheli aktivite olarak işaretlendi.
Node_1,2026-05-21 08:52:53,43,57.75,0.063,-53.7,20.2,normal,-0.1925,False,
Node_5,2026-05-21 08:52:53,15,8.68,0.098,-60.6,38.8,energy_drop,-0.0654,True,Node_5 pil seviyesinde ani düşüş olduğu için enerji anomalisi tespit edildi.
Node_8,2026-05-21 08:53:13,32,63.24,0.069,-45.8,20.0,normal,-0.165,False,
Node_10,2026-05-21 08:53:13,15,76.49,0.067,-52.4,23.7,normal,-0.1554,False,
Node_9,2026-05-21 08:53:13,28,51.87,0.047,-50.2,18.4,normal,-0.203,False,
Node_6,2026-05-21 08:53:13,4,10.68,0.713,-75.9,232.1,node_failure,0.0479,True,Node_6 düğüm arızası olasılığı nedeniyle riskli olarak işaretlendi.
Node_2,2026-05-21 08:53:13,12,63.92,0.566,-52.2,77.8,communication_error,-0.0175,True,Node_2 yüksek hata oranı nedeniyle iletişim problemi olarak işaretlendi.
Node_4,2026-05-21 08:53:13,45,71.79,0.017,-54.1,10.8,normal,-0.1644,False,
Node_3,2026-05-21 08:53:13,306,69.86,0.1,-52.0,21.9,suspicious_activity,0.0136,True,Node_3 normalden fazla veri gönderdiği için şüpheli aktivite olarak işaretlendi.
Node_1,2026-05-21 08:53:13,16,57.53,0.029,-50.0,20.3,normal,-0.1833,False,
Node_5,2026-05-21 08:53:13,21,7.03,0.073,-57.3,41.9,energy_drop,-0.0821,True,Node_5 pil seviyesinde ani düşüş olduğu için enerji anomalisi tespit edildi.
Node_10,2026-05-21 08:53:33,41,76.29,0.063,-57.1,16.8,normal,-0.1826,False,
Node_9,2026-05-21 08:53:33,15,51.79,0.074,-58.1,9.0,normal,-0.1706,False,
Node_8,2026-05-21 08:53:33,29,63.1,0.036,-64.1,15.9,normal,-0.1916,False,
Node_6,2026-05-21 08:53:33,5,39.26,0.846,-52.5,439.8,node_failure,0.0867,True,Node_6 düğüm arızası olasılığı nedeniyle riskli olarak işaretlendi.
Node_5,2026-05-21 08:53:33,30,73.7,0.067,-47.9,9.7,normal,-0.1817,False,
Node_3,2026-05-21 08:53:33,237,69.66,0.108,-78.8,34.8,suspicious_activity,0.0542,True,Node_3 normalden fazla veri gönderdiği için şüpheli aktivite olarak işaretlendi.
Node_2,2026-05-21 08:53:33,25,63.78,0.068,-59.8,15.1,normal,-0.2036,False,
Node_1,2026-05-21 08:53:33,33,57.44,0.047,-62.9,18.3,normal,-0.201,False,
Node_4,2026-05-21 08:53:33,21,71.66,0.056,-46.2,7.6,normal,-0.1577,False,
Node_6,2026-05-21 08:53:53,3,14.17,0.909,-74.5,356.5,node_failure,0.0697,True,Node_6 düğüm arızası olasılığı nedeniyle riskli olarak işaretlendi.
Node_9,2026-05-21 08:53:53,15,51.57,0.311,-54.1,260.9,packet_loss,0.0073,True,Node_9 yüksek iletim gecikmesi nedeniyle paket kaybı riski taşıyor.
Node_8,2026-05-21 08:53:53,19,63.0,0.012,-46.6,16.2,normal,-0.1523,False,
Node_10,2026-05-21 08:53:53,28,76.12,0.017,-55.2,7.5,normal,-0.1676,False,
Node_5,2026-05-21 08:53:53,35,73.56,0.067,-45.5,7.2,normal,-0.1403,False,
Node_3,2026-05-21 08:53:53,28,69.54,0.022,-60.8,10.2,normal,-0.1947,False,
Node_2,2026-05-21 08:53:53,43,63.62,0.043,-55.1,15.1,normal,-0.1919,False,
Node_1,2026-05-21 08:53:53,33,57.19,0.057,-55.8,12.5,normal,-0.2051,False,
Node_4,2026-05-21 08:53:53,25,71.55,0.074,-49.7,15.9,normal,-0.1978,False,
Node_10,2026-05-21 08:54:13,23,76.01,0.022,-57.9,15.0,normal,-0.189,False,
Node_9,2026-05-21 08:54:13,35,51.5,0.034,-51.9,12.2,normal,-0.1943,False,
Node_8,2026-05-21 08:54:13,36,62.94,0.034,-56.2,17.1,normal,-0.2018,False,
Node_6,2026-05-21 08:54:13,2,16.8,0.798,-51.8,249.9,node_failure,0.0527,True,Node_6 düğüm arızası olasılığı nedeniyle riskli olarak işaretlendi.
Node_5,2026-05-21 08:54:13,15,6.95,0.028,-55.7,18.1,energy_drop,-0.0827,True,Node_5 pil seviyesinde ani düşüş olduğu için enerji anomalisi tespit edildi.
Node_4,2026-05-21 08:54:13,16,71.49,0.067,-45.3,11.1,normal,-0.1302,False,
Node_3,2026-05-21 08:54:13,32,69.45,0.025,-64.0,9.9,normal,-0.1789,False,
Node_2,2026-05-21 08:54:13,18,63.53,0.456,-57.9,32.9,communication_error,-0.0968,True,Node_2 yüksek hata oranı nedeniyle iletişim problemi olarak işaretlendi.
Node_1,2026-05-21 08:54:13,42,57.01,0.054,-63.8,18.2,normal,-0.1888,False,
Node_9,2026-05-21 08:54:33,41,51.37,0.058,-47.3,7.5,normal,-0.1578,False,
Node_8,2026-05-21 08:54:33,30,62.75,0.066,-57.7,10.2,normal,-0.2042,False,
Node_6,2026-05-21 08:54:33,3,28.91,0.848,-77.0,271.4,node_failure,0.0364,True,Node_6 düğüm arızası olasılığı nedeniyle riskli olarak işaretlendi.
Node_5,2026-05-21 08:54:33,29,12.15,0.034,-62.8,46.8,energy_drop,-0.0836,True,Node_5 pil seviyesinde ani düşüş olduğu için enerji anomalisi tespit edildi.
Node_10,2026-05-21 08:54:33,43,75.91,0.052,-50.3,17.4,normal,-0.1876,False,
Node_3,2026-05-21 08:54:33,34,69.24,0.065,-48.6,19.1,normal,-0.1988,False,
Node_2,2026-05-21 08:54:33,16,63.37,0.053,-47.8,9.9,normal,-0.1719,False,
Node_1,2026-05-21 08:54:33,37,56.87,0.071,-45.1,5.4,normal,-0.1231,False,
Node_4,2026-05-21 08:54:33,40,71.28,0.046,-55.2,20.5,normal,-0.1917,False,
Node_9,2026-05-21 08:54:53,15,51.23,0.199,-72.5,179.5,packet_loss,-0.0349,True,Node_9 yüksek iletim gecikmesi nedeniyle paket kaybı riski taşıyor.
Node_8,2026-05-21 08:54:53,23,62.58,0.015,-45.2,15.1,normal,-0.1405,False,
Node_6,2026-05-21 08:54:53,2,28.04,0.862,-79.4,247.8,node_failure,0.0557,True,Node_6 düğüm arızası olasılığı nedeniyle riskli olarak işaretlendi.
Node_5,2026-05-21 08:54:53,38,73.0,0.063,-52.4,21.8,normal,-0.1908,False,
Node_10,2026-05-21 08:54:53,25,75.75,0.072,-54.2,10.8,normal,-0.1914,False,
Node_3,2026-05-21 08:54:53,36,69.03,0.043,-63.2,9.6,normal,-0.1871,False,
Node_2,2026-05-21 08:54:53,26,63.22,0.433,-63.1,38.8,communication_error,-0.0991,True,Node_2 yüksek hata oranı nedeniyle iletişim problemi olarak işaretlendi.
Node_1,2026-05-21 08:54:53,35,56.69,0.067,-51.6,24.0,normal,-0.1995,False,
Node_4,2026-05-21 08:54:53,41,71.18,0.039,-56.3,19.5,normal,-0.1914,False,
Node_10,2026-05-21 08:55:13,15,75.63,0.071,-60.4,14.1,normal,-0.1621,False,
Node_9,2026-05-21 08:55:13,30,51.14,0.071,-58.8,15.1,normal,-0.1987,False,
Node_8,2026-05-21 08:55:13,36,62.46,0.08,-50.7,10.1,normal,-0.1839,False,
Node_6,2026-05-21 08:55:13,0,36.37,0.722,-66.9,230.1,node_failure,0.0119,True,Node_6 düğüm arızası olasılığı nedeniyle riskli olarak işaretlendi.
Node_5,2026-05-21 08:55:13,21,11.9,0.082,-54.7,41.4,energy_drop,-0.0844,True,Node_5 pil seviyesinde ani düşüş olduğu için enerji anomalisi tespit edildi.
Node_3,2026-05-21 08:55:13,30,68.82,0.044,-50.8,24.0,normal,-0.1957,False,
Node_2,2026-05-21 08:55:13,13,63.14,0.658,-67.7,39.8,communication_error,-0.0398,True,Node_2 yüksek hata oranı nedeniyle iletişim problemi olarak işaretlendi.
Node_1,2026-05-21 08:55:13,30,56.55,0.022,-47.2,21.8,normal,-0.1826,False,
Node_4,2026-05-21 08:55:13,31,71.01,0.029,-46.7,5.1,normal,-0.1557,False,
Node_8,2026-05-21 08:55:33,15,62.34,0.052,-48.2,11.9,normal,-0.176,False,
Node_10,2026-05-21 08:55:33,35,75.52,0.041,-45.1,10.8,normal,-0.1438,False,
Node_9,2026-05-21 08:55:33,37,50.99,0.054,-54.7,15.1,normal,-0.1958,False,
Node_6,2026-05-21 08:55:33,4,25.36,0.792,-73.5,350.3,node_failure,0.0286,True,Node_6 düğüm arızası olasılığı nedeniyle riskli olarak işaretlendi.
Node_3,2026-05-21 08:55:33,339,68.61,0.051,-62.0,39.2,suspicious_activity,0.0444,True,Node_3 normalden fazla veri gönderdiği için şüpheli aktivite olarak işaretlendi.
Node_4,2026-05-21 08:55:33,29,70.86,0.078,-52.2,5.9,normal,-0.1687,False,
Node_5,2026-05-21 08:55:33,18,72.65,0.056,-49.6,5.1,normal,-0.162,False,
Node_2,2026-05-21 08:55:33,20,62.93,0.723,-66.2,58.9,communication_error,-0.0293,True,Node_2 yüksek hata oranı nedeniyle iletişim problemi olarak işaretlendi.
Node_1,2026-05-21 08:55:33,26,56.37,0.043,-56.2,8.4,normal,-0.1984,False,
Node_10,2026-05-21 08:55:53,17,75.32,0.033,-46.8,19.7,normal,-0.1586,False,
Node_9,2026-05-21 08:55:53,15,50.75,0.074,-60.0,11.3,normal,-0.1704,False,
Node_8,2026-05-21 08:55:53,28,62.15,0.025,-62.2,6.9,normal,-0.184,False,
Node_6,2026-05-21 08:55:53,1,33.07,0.622,-67.5,364.9,node_failure,0.0335,True,Node_6 düğüm arızası olasılığı nedeniyle riskli olarak işaretlendi.
Node_5,2026-05-21 08:55:53,44,72.44,0.022,-61.7,13.7,normal,-0.1692,False,
Node_4,2026-05-21 08:55:53,19,70.62,0.067,-51.0,6.4,normal,-0.1786,False,
Node_3,2026-05-21 08:55:53,42,68.37,0.041,-45.8,19.6,normal,-0.1516,False,
Node_2,2026-05-21 08:55:53,21,62.82,0.498,-65.1,70.9,communication_error,-0.0832,True,Node_2 yüksek hata oranı nedeniyle iletişim problemi olarak işaretlendi.
Node_1,2026-05-21 08:55:53,43,56.24,0.064,-46.9,11.2,normal,-0.1706,False,
Node_9,2026-05-21 08:56:13,9,50.69,0.24,-62.6,184.1,packet_loss,-0.0402,True,Node_9 yüksek iletim gecikmesi nedeniyle paket kaybı riski taşıyor.
Node_8,2026-05-21 08:56:13,27,61.92,0.053,-64.3,19.6,normal,-0.2007,False,
Node_6,2026-05-21 08:56:13,5,22.04,0.878,-79.1,422.2,node_failure,0.0986,True,Node_6 düğüm arızası olasılığı nedeniyle riskli olarak işaretlendi.
Node_5,2026-05-21 08:56:13,21,72.27,0.06,-59.4,7.0,normal,-0.1816,False,
Node_10,2026-05-21 08:56:13,37,75.26,0.067,-46.2,9.2,normal,-0.1503,False,
Node_3,2026-05-21 08:56:13,36,68.19,0.068,-51.5,17.5,normal,-0.2011,False,
Node_2,2026-05-21 08:56:13,13,62.71,0.655,-54.7,58.6,communication_error,-0.0118,True,Node_2 yüksek hata oranı nedeniyle iletişim problemi olarak işaretlendi.
Node_1,2026-05-21 08:56:13,37,56.15,0.075,-53.0,19.8,normal,-0.1896,False,
Node_4,2026-05-21 08:56:13,33,70.49,0.052,-51.8,16.2,normal,-0.204,False,
Node_9,2026-05-21 08:56:33,14,50.45,0.313,-56.0,249.0,packet_loss,-0.0045,True,Node_9 yüksek iletim gecikmesi nedeniyle paket kaybı riski taşıyor.
Node_8,2026-05-21 08:56:33,15,61.69,0.058,-61.9,20.0,normal,-0.184,False,
Node_6,2026-05-21 08:56:33,3,22.5,0.905,-72.0,307.4,node_failure,0.0435,True,Node_6 düğüm arızası olasılığı nedeniyle riskli olarak işaretlendi.
Node_5,2026-05-21 08:56:33,33,72.11,0.07,-54.9,17.4,normal,-0.2025,False,
Node_10,2026-05-21 08:56:33,32,75.02,0.014,-57.2,15.6,normal,-0.1742,False,
Node_3,2026-05-21 08:56:33,31,68.05,0.02,-57.4,23.6,normal,-0.1847,False,
Node_2,2026-05-21 08:56:33,25,62.49,0.749,-50.8,68.5,communication_error,0.0126,True,Node_2 yüksek hata oranı nedeniyle iletişim problemi olarak işaretlendi.
Node_1,2026-05-21 08:56:33,36,55.95,0.062,-46.0,13.8,normal,-0.1718,False,
Node_4,2026-05-21 08:56:33,40,70.33,0.021,-50.0,9.0,normal,-0.1711,False,
Node_10,2026-05-21 08:56:53,26,74.77,0.057,-49.3,17.2,normal,-0.1992,False,
Node_9,2026-05-21 08:56:53,21,50.32,0.075,-55.2,22.2,normal,-0.1927,False,
Node_8,2026-05-21 08:56:53,15,61.46,0.067,-45.5,10.9,normal,-0.1399,False,
Node_6,2026-05-21 08:56:53,45,49.69,0.074,-50.0,16.7,normal,-0.1654,False,
Node_5,2026-05-21 08:56:53,37,72.03,0.02,-53.4,16.5,normal,-0.1788,False,
Node_3,2026-05-21 08:56:53,30,67.86,0.02,-62.5,7.9,normal,-0.1755,False,
Node_2,2026-05-21 08:56:53,34,62.26,0.621,-65.4,48.3,communication_error,-0.0406,True,Node_2 yüksek hata oranı nedeniyle iletişim problemi olarak işaretlendi.
Node_1,2026-05-21 08:56:53,31,55.75,0.043,-48.6,8.5,normal,-0.1911,False,
Node_4,2026-05-21 08:56:53,23,70.09,0.076,-64.5,11.3,normal,-0.1823,False,
Node_8,2026-05-21 08:57:13,22,61.24,0.018,-59.5,21.8,normal,-0.1864,False,
Node_10,2026-05-21 08:57:13,35,74.67,0.016,-48.9,22.3,normal,-0.1708,False,
Node_9,2026-05-21 08:57:13,20,50.15,0.343,-54.5,147.7,packet_loss,-0.037,True,Node_9 yüksek iletim gecikmesi nedeniyle paket kaybı riski taşıyor.
Node_6,2026-05-21 08:57:13,29,49.46,0.021,-49.7,11.5,normal,-0.1788,False,
Node_5,2026-05-21 08:57:13,25,11.77,0.084,-61.6,47.1,energy_drop,-0.0854,True,Node_5 pil seviyesinde ani düşüş olduğu için enerji anomalisi tespit edildi.
Node_4,2026-05-21 08:57:13,24,70.01,0.058,-60.4,9.6,normal,-0.2001,False,
Node_3,2026-05-21 08:57:13,44,67.63,0.043,-47.7,12.6,normal,-0.1719,False,
Node_2,2026-05-21 08:57:13,14,62.06,0.659,-70.1,32.9,communication_error,-0.0402,True,Node_2 yüksek hata oranı nedeniyle iletişim problemi olarak işaretlendi.
Node_1,2026-05-21 08:57:13,39,55.66,0.064,-46.5,16.6,normal,-0.17,False,
Node_10,2026-05-21 08:57:33,34,74.47,0.071,-56.9,8.6,normal,-0.1861,False,
Node_9,2026-05-21 08:57:33,23,49.95,0.069,-53.8,11.6,normal,-0.1948,False,
Node_8,2026-05-21 08:57:33,42,61.13,0.065,-56.9,23.2,normal,-0.1883,False,
Node_6,2026-05-21 08:57:33,26,49.24,0.077,-63.8,9.9,normal,-0.1826,False,
Node_5,2026-05-21 08:57:33,21,10.64,0.079,-57.8,17.4,energy_drop,-0.1022,True,Node_5 pil seviyesinde ani düşüş olduğu için enerji anomalisi tespit edildi.
Node_4,2026-05-21 08:57:33,24,69.84,0.073,-46.4,8.7,normal,-0.1666,False,
Node_3,2026-05-21 08:57:33,19,67.46,0.037,-64.2,22.9,normal,-0.1847,False,
Node_2,2026-05-21 08:57:33,23,61.99,0.647,-56.0,78.0,communication_error,-0.03,True,Node_2 yüksek hata oranı nedeniyle iletişim problemi olarak işaretlendi.
Node_1,2026-05-21 08:57:33,35,55.5,0.029,-63.4,22.3,normal,-0.1919,False,
Node_9,2026-05-21 08:57:53,43,49.76,0.027,-62.8,24.1,normal,-0.1619,False,
Node_8,2026-05-21 08:57:53,24,60.96,0.043,-64.1,13.0,normal,-0.195,False,
Node_6,2026-05-21 08:57:53,32,49.0,0.055,-45.3,21.8,normal,-0.1532,False,
Node_5,2026-05-21 08:57:53,25,71.51,0.046,-47.0,14.2,normal,-0.1835,False,
Node_10,2026-05-21 08:57:53,44,74.39,0.071,-57.3,5.1,normal,-0.1515,False,
Node_3,2026-05-21 08:57:53,235,67.37,0.139,-77.8,17.0,suspicious_activity,0.0356,True,Node_3 normalden fazla veri gönderdiği için şüpheli aktivite olarak işaretlendi.
Node_2,2026-05-21 08:57:53,32,61.75,0.468,-69.1,73.2,communication_error,-0.0472,True,Node_2 yüksek hata oranı nedeniyle iletişim problemi olarak işaretlendi.
Node_1,2026-05-21 08:57:53,26,55.29,0.04,-50.8,17.1,normal,-0.2091,False,
Node_4,2026-05-21 08:57:53,44,69.75,0.021,-64.2,10.7,normal,-0.1593,False,
Node_9,2026-05-21 08:58:13,21,49.57,0.24,-59.9,132.6,packet_loss,-0.0602,True,Node_9 yüksek iletim gecikmesi nedeniyle paket kaybı riski taşıyor.
Node_8,2026-05-21 08:58:13,32,60.83,0.06,-60.5,20.4,normal,-0.2027,False,
Node_6,2026-05-21 08:58:13,31,48.82,0.035,-46.2,22.1,normal,-0.1611,False,
Node_5,2026-05-21 08:58:13,15,71.36,0.024,-51.1,15.0,normal,-0.1643,False,
Node_10,2026-05-21 08:58:13,25,74.25,0.068,-60.7,24.7,normal,-0.1855,False,
Node_3,2026-05-21 08:58:13,300,67.26,0.134,-62.2,34.3,suspicious_activity,0.0197,True,Node_3 normalden fazla veri gönderdiği için şüpheli aktivite olarak işaretlendi.
Node_2,2026-05-21 08:58:13,13,61.55,0.386,-65.9,56.3,communication_error,-0.0754,True,Node_2 yüksek hata oranı nedeniyle iletişim problemi olarak işaretlendi.
Node_1,2026-05-21 08:58:13,31,55.12,0.064,-63.2,14.4,normal,-0.1971,False,
Node_4,2026-05-21 08:58:13,45,69.55,0.079,-60.0,23.5,normal,-0.1675,False,
Node_10,2026-05-21 08:58:33,35,74.14,0.036,-52.3,5.2,normal,-0.1709,False,
Node_9,2026-05-21 08:58:33,9,49.37,0.225,-63.1,153.5,packet_loss,-0.052,True,Node_9 yüksek iletim gecikmesi nedeniyle paket kaybı riski taşıyor.
Node_8,2026-05-21 08:58:33,23,60.66,0.064,-48.7,15.3,normal,-0.1958,False,
Node_6,2026-05-21 08:58:33,3,24.89,0.849,-52.9,269.8,node_failure,0.0506,True,Node_6 düğüm arızası olasılığı nedeniyle riskli olarak işaretlendi.
Node_5,2026-05-21 08:58:33,15,8.58,0.07,-60.6,19.0,energy_drop,-0.0885,True,Node_5 pil seviyesinde ani düşüş olduğu için enerji anomalisi tespit edildi.
Node_3,2026-05-21 08:58:33,310,67.03,0.126,-69.2,32.5,suspicious_activity,0.0364,True,Node_3 normalden fazla veri gönderdiği için şüpheli aktivite olarak işaretlendi.
Node_2,2026-05-21 08:58:33,29,61.39,0.031,-60.9,17.7,normal,-0.2034,False,
Node_1,2026-05-21 08:58:33,44,54.9,0.035,-60.0,21.8,normal,-0.1816,False,
Node_4,2026-05-21 08:58:33,15,69.39,0.037,-53.7,17.1,normal,-0.1772,False,
Node_6,2026-05-21 08:58:53,36,48.43,0.079,-50.4,17.7,normal,-0.1856,False,
Node_9,2026-05-21 08:58:53,16,49.13,0.348,-59.2,126.4,packet_loss,-0.0623,True,Node_9 yüksek iletim gecikmesi nedeniyle paket kaybı riski taşıyor.
Node_8,2026-05-21 08:58:53,38,60.56,0.033,-63.4,21.8,normal,-0.1867,False,
Node_5,2026-05-21 08:58:53,35,71.02,0.013,-62.3,13.5,normal,-0.1802,False,
Node_10,2026-05-21 08:58:53,30,74.08,0.073,-62.9,9.1,normal,-0.1781,False,
Node_3,2026-05-21 08:58:53,31,66.79,0.019,-64.0,17.7,normal,-0.1793,False,
Node_2,2026-05-21 08:58:53,35,61.28,0.501,-67.1,59.2,communication_error,-0.0573,True,Node_2 yüksek hata oranı nedeniyle iletişim problemi olarak işaretlendi.
Node_1,2026-05-21 08:58:53,20,54.77,0.05,-51.4,8.6,normal,-0.194,False,
Node_4,2026-05-21 08:58:53,34,69.2,0.02,-54.8,6.9,normal,-0.1718,False,
Node_10,2026-05-21 08:59:13,16,73.88,0.049,-50.3,5.8,normal,-0.1577,False,
Node_9,2026-05-21 08:59:13,23,48.96,0.162,-78.0,181.4,packet_loss,0.0118,True,Node_9 yüksek iletim gecikmesi nedeniyle paket kaybı riski taşıyor.
Node_8,2026-05-21 08:59:13,16,60.49,0.065,-49.3,21.5,normal,-0.1804,False,
Node_6,2026-05-21 08:59:13,24,48.37,0.047,-47.9,18.3,normal,-0.1868,False,
Node_5,2026-05-21 08:59:13,20,12.41,0.054,-50.4,38.3,energy_drop,-0.0834,True,Node_5 pil seviyesinde ani düşüş olduğu için enerji anomalisi tespit edildi.
Node_4,2026-05-21 08:59:13,27,69.07,0.011,-54.6,11.9,normal,-0.1845,False,
Node_3,2026-05-21 08:59:13,271,66.55,0.075,-75.4,13.4,suspicious_activity,0.0279,True,Node_3 normalden fazla veri gönderdiği için şüpheli aktivite olarak işaretlendi.
Node_2,2026-05-21 08:59:13,24,61.18,0.539,-75.7,74.1,communication_error,-0.0302,True,Node_2 yüksek hata oranı nedeniyle iletişim problemi olarak işaretlendi.
Node_1,2026-05-21 08:59:13,39,54.69,0.079,-56.9,6.6,normal,-0.166,False,
Node_9,2026-05-21 08:59:33,10,48.88,0.279,-79.2,224.4,packet_loss,0.0086,True,Node_9 yüksek iletim gecikmesi nedeniyle paket kaybı riski taşıyor.
Node_8,2026-05-21 08:59:33,28,60.31,0.057,-64.1,16.1,normal,-0.1981,False,
Node_6,2026-05-21 08:59:33,30,48.23,0.071,-62.4,24.5,normal,-0.1918,False,
Node_5,2026-05-21 08:59:33,21,70.67,0.052,-63.4,23.9,normal,-0.1818,False,
Node_10,2026-05-21 08:59:33,16,73.8,0.051,-50.9,9.4,normal,-0.1726,False,
Node_3,2026-05-21 08:59:33,17,66.39,0.04,-56.7,21.1,normal,-0.1957,False,
Node_2,2026-05-21 08:59:33,17,60.97,0.409,-50.5,40.3,communication_error,-0.0777,True,Node_2 yüksek hata oranı nedeniyle iletişim problemi olarak işaretlendi.
Node_1,2026-05-21 08:59:33,43,54.49,0.035,-53.0,6.5,normal,-0.1619,False,
Node_4,2026-05-21 08:59:33,36,68.9,0.022,-56.6,20.7,normal,-0.1902,False,
Node_9,2026-05-21 08:59:53,9,48.76,0.349,-69.3,207.7,packet_loss,-0.0235,True,Node_9 yüksek iletim gecikmesi nedeniyle paket kaybı riski taşıyor.
Node_8,2026-05-21 08:59:53,16,60.13,0.016,-55.5,11.1,normal,-0.1658,False,
Node_6,2026-05-21 08:59:53,2,38.96,0.664,-54.5,200.4,node_failure,0.0112,True,Node_6 düğüm arızası olasılığı nedeniyle riskli olarak işaretlendi.
Node_5,2026-05-21 08:59:53,30,70.5,0.016,-48.6,8.2,normal,-0.166,False,
Node_10,2026-05-21 08:59:53,30,73.71,0.048,-47.1,20.7,normal,-0.1803,False,
Node_3,2026-05-21 08:59:53,41,66.32,0.034,-48.5,7.6,normal,-0.1627,False,
Node_2,2026-05-21 08:59:53,30,60.75,0.012,-47.3,6.9,normal,-0.1481,False,
Node_1,2026-05-21 08:59:53,18,54.31,0.027,-55.2,19.0,normal,-0.1879,False,
Node_4,2026-05-21 08:59:53,19,68.72,0.028,-53.8,11.9,normal,-0.1883,False,
Node_10,2026-05-21 09:00:13,26,73.57,0.068,-49.0,11.7,normal,-0.1913,False,
Node_9,2026-05-21 09:00:13,41,48.55,0.011,-45.6,21.4,normal,-0.1143,False,
Node_8,2026-05-21 09:00:13,18,59.9,0.066,-58.4,17.9,normal,-0.1972,False,
Node_6,2026-05-21 09:00:13,4,24.89,0.655,-76.9,473.8,node_failure,0.0754,True,Node_6 düğüm arızası olasılığı nedeniyle riskli olarak işaretlendi.
Node_5,2026-05-21 09:00:13,18,10.12,0.076,-61.0,16.2,energy_drop,-0.1013,True,Node_5 pil seviyesinde ani düşüş olduğu için enerji anomalisi tespit edildi.
Node_3,2026-05-21 09:00:13,38,66.15,0.015,-51.9,6.3,normal,-0.151,False,
Node_2,2026-05-21 09:00:13,23,60.52,0.062,-47.3,7.9,normal,-0.1814,False,
Node_1,2026-05-21 09:00:13,40,54.12,0.074,-52.6,22.8,normal,-0.1879,False,
Node_4,2026-05-21 09:00:13,34,68.6,0.038,-45.4,14.8,normal,-0.1544,False,
Node_6,2026-05-21 09:00:33,0,15.61,0.613,-61.2,342.8,node_failure,0.0502,True,Node_6 düğüm arızası olasılığı nedeniyle riskli olarak işaretlendi.
Node_9,2026-05-21 09:00:33,32,48.44,0.057,-60.6,6.7,normal,-0.1796,False,
Node_8,2026-05-21 09:00:33,30,59.74,0.018,-47.5,12.5,normal,-0.1766,False,
Node_5,2026-05-21 09:00:33,39,70.25,0.04,-46.9,8.1,normal,-0.1571,False,
Node_10,2026-05-21 09:00:33,22,73.33,0.056,-50.1,19.9,normal,-0.1943,False,
Node_3,2026-05-21 09:00:33,309,66.03,0.127,-70.7,28.5,suspicious_activity,0.0392,True,Node_3 normalden fazla veri gönderdiği için şüpheli aktivite olarak işaretlendi.
Node_1,2026-05-21 09:00:33,42,54.0,0.032,-55.2,15.1,normal,-0.1901,False,
Node_4,2026-05-21 09:00:33,41,68.52,0.013,-47.5,9.0,normal,-0.1498,False,
Node_2,2026-05-21 09:00:33,27,60.46,0.05,-54.2,6.4,normal,-0.1916,False,
Node_10,2026-05-21 09:00:53,24,73.16,0.08,-59.7,19.4,normal,-0.1869,False,
Node_1,2026-05-21 09:00:53,21,53.83,0.016,-61.0,15.3,normal,-0.1802,False,
Node_2,2026-05-21 09:00:53,19,60.36,0.661,-70.8,52.6,communication_error,-0.0348,True,Node_2 yüksek hata oranı nedeniyle iletişim problemi olarak işaretlendi.
Node_3,2026-05-21 09:00:53,20,65.82,0.051,-57.8,5.4,normal,-0.1774,False,
Node_4,2026-05-21 09:00:53,29,68.29,0.027,-63.4,7.8,normal,-0.1792,False,
Node_5,2026-05-21 09:00:53,12,5.69,0.086,-78.2,25.6,energy_drop,0.0011,True,Node_5 pil seviyesinde ani düşüş olduğu için enerji anomalisi tespit edildi.
Node_6,2026-05-21 09:00:53,5,23.25,0.637,-72.6,242.7,node_failure,0.0206,True,Node_6 düğüm arızası olasılığı nedeniyle riskli olarak işaretlendi.
Node_8,2026-05-21 09:00:53,25,59.58,0.017,-62.7,20.5,normal,-0.1872,False,
Node_9,2026-05-21 09:00:53,23,48.37,0.222,-74.9,126.6,packet_loss,-0.0345,True,Node_9 yüksek iletim gecikmesi nedeniyle paket kaybı riski taşıyor.
Node_10,2026-05-21 09:01:13,28,72.95,0.058,-55.8,20.2,normal,-0.2019,False,
Node_9,2026-05-21 09:01:13,24,48.25,0.161,-75.9,175.7,packet_loss,-0.0078,True,Node_9 yüksek iletim gecikmesi nedeniyle paket kaybı riski taşıyor.
Node_8,2026-05-21 09:01:13,15,59.36,0.024,-46.1,21.6,normal,-0.1365,False,
Node_6,2026-05-21 09:01:13,2,35.36,0.63,-60.8,223.1,node_failure,-0.0044,True,Node_6 düğüm arızası olasılığı nedeniyle riskli olarak işaretlendi.
Node_2,2026-05-21 09:01:13,31,60.23,0.028,-50.8,7.8,normal,-0.1895,False,
Node_4,2026-05-21 09:01:13,24,68.16,0.069,-55.7,14.6,normal,-0.2059,False,
Node_3,2026-05-21 09:01:13,297,65.63,0.096,-73.1,11.5,suspicious_activity,0.0316,True,Node_3 normalden fazla veri gönderdiği için şüpheli aktivite olarak işaretlendi.
Node_1,2026-05-21 09:01:13,38,53.72,0.02,-51.8,16.6,normal,-0.1792,False,
Node_5,2026-05-21 09:01:13,17,70.05,0.046,-64.3,18.7,normal,-0.178,False,
Node_6,2026-05-21 09:01:33,22,47.29,0.024,-54.7,17.2,normal,-0.1917,False,
Node_9,2026-05-21 09:01:33,35,48.15,0.078,-59.9,13.1,normal,-0.1898,False,
Node_8,2026-05-21 09:01:33,15,59.11,0.022,-55.7,11.3,normal,-0.1655,False,
Node_10,2026-05-21 09:01:33,44,72.77,0.02,-61.9,19.5,normal,-0.1625,False,
Node_5,2026-05-21 09:01:33,27,69.93,0.076,-55.8,6.3,normal,-0.1784,False,
Node_3,2026-05-21 09:01:33,40,65.55,0.059,-59.7,15.6,normal,-0.1898,False,
Node_2,2026-05-21 09:01:33,22,60.05,0.016,-62.3,13.8,normal,-0.1858,False,
Node_1,2026-05-21 09:01:33,26,53.63,0.019,-49.7,14.0,normal,-0.189,False,
Node_4,2026-05-21 09:01:33,39,68.03,0.032,-64.0,7.8,normal,-0.1669,False,
Node_9,2026-05-21 09:01:53,44,47.98,0.049,-64.9,14.4,normal,-0.1654,False,
Node_8,2026-05-21 09:01:53,40,59.06,0.069,-59.3,23.2,normal,-0.1878,False,
Node_6,2026-05-21 09:01:53,1,18.61,0.843,-76.1,294.5,node_failure,0.0578,True,Node_6 düğüm arızası olasılığı nedeniyle riskli olarak işaretlendi.
Node_5,2026-05-21 09:01:53,41,69.8,0.08,-48.2,23.0,normal,-0.1584,False,
Node_10,2026-05-21 09:01:53,29,72.62,0.068,-46.5,20.5,normal,-0.1728,False,
Node_3,2026-05-21 09:01:53,246,65.44,0.137,-63.9,24.3,suspicious_activity,-0.0049,True,Node_3 normalden fazla veri gönderdiği için şüpheli aktivite olarak işaretlendi.
Node_2,2026-05-21 09:01:53,22,59.81,0.077,-56.8,9.2,normal,-0.1915,False,
Node_1,2026-05-21 09:01:53,15,53.53,0.028,-52.3,12.3,normal,-0.1691,False,
Node_4,2026-05-21 09:01:53,26,67.81,0.08,-55.5,9.8,normal,-0.1925,False,
Node_10,2026-05-21 09:02:13,27,72.37,0.035,-55.0,22.3,normal,-0.1988,False,
Node_9,2026-05-21 09:02:13,29,47.86,0.066,-58.6,10.7,normal,-0.1985,False,
Node_8,2026-05-21 09:02:13,26,58.96,0.043,-59.2,17.0,normal,-0.2052,False,
Node_6,2026-05-21 09:02:13,44,46.88,0.08,-50.3,6.1,normal,-0.1444,False,
Node_5,2026-05-21 09:02:13,12,8.49,0.095,-61.3,24.8,energy_drop,-0.0542,True,Node_5 pil seviyesinde ani düşüş olduğu için enerji anomalisi tespit edildi.
Node_3,2026-05-21 09:02:13,233,65.26,0.071,-56.1,31.3,suspicious_activity,-0.0266,True,Node_3 normalden fazla veri gönderdiği için şüpheli aktivite olarak işaretlendi.
Node_2,2026-05-21 09:02:13,35,59.76,0.041,-61.8,20.5,normal,-0.2016,False,
Node_1,2026-05-21 09:02:13,32,53.29,0.071,-46.8,23.2,normal,-0.1741,False,
Node_4,2026-05-21 09:02:13,33,67.67,0.029,-50.3,24.2,normal,-0.1925,False,
Node_8,2026-05-21 09:02:33,17,58.9,0.028,-45.9,5.6,normal,-0.1317,False,
Node_10,2026-05-21 09:02:33,41,72.15,0.012,-54.1,15.0,normal,-0.1673,False,
Node_9,2026-05-21 09:02:33,28,47.78,0.048,-54.4,14.0,normal,-0.2034,False,
Node_6,2026-05-21 09:02:33,32,46.73,0.049,-64.5,20.0,normal,-0.1794,False,
Node_7,2026-05-21 09:02:33,0,31.09,0.0,-90.0,0.0,node_silence,0.034,True,Node_7 uzun süre veri göndermediği için sessizlik anomalisi oluştu.
Node_4,2026-05-21 09:02:33,21,67.58,0.043,-49.9,11.2,normal,-0.1966,False,
Node_3,2026-05-21 09:02:33,349,65.07,0.136,-61.5,20.2,suspicious_activity,0.0416,True,Node_3 normalden fazla veri gönderdiği için şüpheli aktivite olarak işaretlendi.
Node_2,2026-05-21 09:02:33,15,59.68,0.745,-74.3,44.1,communication_error,-0.0082,True,Node_2 yüksek hata oranı nedeniyle iletişim problemi olarak işaretlendi.
Node_1,2026-05-21 09:02:33,33,53.21,0.029,-58.0,12.6,normal,-0.1971,False,
Node_5,2026-05-21 09:02:33,37,69.45,0.026,-53.6,10.3,normal,-0.1858,False,
Node_10,2026-05-21 09:02:53,28,72.04,0.057,-47.9,11.0,normal,-0.1919,False,
Node_9,2026-05-21 09:02:53,11,47.54,0.331,-61.5,134.6,packet_loss,-0.0522,True,Node_9 yüksek iletim gecikmesi nedeniyle paket kaybı riski taşıyor.
Node_8,2026-05-21 09:02:53,19,58.7,0.074,-55.7,7.7,normal,-0.1829,False,
Node_7,2026-05-21 09:02:53,37,46.95,0.02,-71.4,20.5,node_silence,-0.127,True,Node_7 uzun süre veri göndermediği için sessizlik anomalisi oluştu.
Node_6,2026-05-21 09:02:53,5,39.36,0.737,-76.6,434.9,node_failure,0.0659,True,Node_6 düğüm arızası olasılığı nedeniyle riskli olarak işaretlendi.
Node_5,2026-05-21 09:02:53,42,69.35,0.06,-51.6,20.1,normal,-0.1924,False,
Node_4,2026-05-21 09:02:53,27,67.49,0.048,-52.8,15.4,normal,-0.2071,False,
Node_3,2026-05-21 09:02:53,22,64.82,0.03,-64.3,19.7,normal,-0.1943,False,
Node_2,2026-05-21 09:02:53,15,59.58,0.538,-54.3,34.6,communication_error,-0.0675,True,Node_2 yüksek hata oranı nedeniyle iletişim problemi olarak işaretlendi.
Node_1,2026-05-21 09:02:53,35,52.96,0.052,-58.8,15.4,normal,-0.1989,False,
Node_10,2026-05-21 09:03:13,16,71.93,0.078,-49.6,13.0,normal,-0.1692,False,
Node_9,2026-05-21 09:03:13,41,47.42,0.063,-51.0,13.8,normal,-0.1842,False,
Node_8,2026-05-21 09:03:13,41,58.5,0.045,-60.9,13.7,normal,-0.1906,False,
Node_7,2026-05-21 09:03:13,40,46.84,0.013,-60.7,16.7,normal,-0.156,False,
Node_1,2026-05-21 09:03:13,23,52.85,0.044,-62.9,24.4,normal,-0.1915,False,
Node_5,2026-05-21 09:03:13,33,69.29,0.011,-55.4,24.8,normal,-0.1704,False,
Node_4,2026-05-21 09:03:13,44,67.27,0.048,-62.5,10.7,normal,-0.1861,False,
Node_3,2026-05-21 09:03:13,33,64.65,0.023,-57.6,14.6,normal,-0.1977,False,
Node_2,2026-05-21 09:03:13,27,59.48,0.066,-45.6,11.1,normal,-0.1601,False,
Node_6,2026-05-21 09:03:13,1,10.65,0.94,-68.4,382.3,node_failure,0.0867,True,Node_6 düğüm arızası olasılığı nedeniyle riskli olarak işaretlendi.
Node_8,2026-05-21 09:03:33,29,58.39,0.073,-59.2,6.5,normal,-0.1824,False,
Node_10,2026-05-21 09:03:33,19,71.83,0.031,-49.5,19.8,normal,-0.1936,False,
Node_9,2026-05-21 09:03:33,19,47.22,0.065,-49.2,11.4,normal,-0.1748,False,
Node_7,2026-05-21 09:03:33,26,46.71,0.053,-45.6,21.9,normal,-0.1566,False,
Node_6,2026-05-21 09:03:33,27,46.46,0.064,-62.1,14.3,normal,-0.1951,False,
Node_5,2026-05-21 09:03:33,26,69.1,0.013,-58.1,15.4,normal,-0.1904,False,
Node_4,2026-05-21 09:03:33,40,67.19,0.054,-45.1,18.6,normal,-0.1407,False,
Node_3,2026-05-21 09:03:33,226,64.49,0.107,-64.7,22.7,suspicious_activity,-0.0123,True,Node_3 normalden fazla veri gönderdiği için şüpheli aktivite olarak işaretlendi.
Node_2,2026-05-21 09:03:33,26,59.35,0.546,-55.0,37.3,communication_error,-0.0619,True,Node_2 yüksek hata oranı nedeniyle iletişim problemi olarak işaretlendi.
Node_1,2026-05-21 09:03:33,37,52.77,0.052,-64.3,17.2,normal,-0.1866,False,
Node_10,2026-05-21 09:03:53,19,71.63,0.049,-46.5,21.3,normal,-0.1694,False,
Node_9,2026-05-21 09:03:53,16,47.03,0.026,-54.7,5.2,normal,-0.1469,False,
Node_8,2026-05-21 09:03:53,30,58.21,0.025,-55.4,5.6,normal,-0.1732,False,
Node_7,2026-05-21 09:03:53,28,46.54,0.064,-74.3,14.3,node_silence,-0.1149,True,Node_7 uzun süre veri göndermediği için sessizlik anomalisi oluştu.
Node_6,2026-05-21 09:03:53,40,46.31,0.015,-59.7,18.9,normal,-0.1619,False,
Node_5,2026-05-21 09:03:53,39,68.86,0.05,-50.3,17.9,normal,-0.1941,False,
Node_4,2026-05-21 09:03:53,20,66.99,0.024,-50.5,11.8,normal,-0.1897,False,
Node_3,2026-05-21 09:03:53,254,64.37,0.105,-52.4,17.5,suspicious_activity,0.0026,True,Node_3 normalden fazla veri gönderdiği için şüpheli aktivite olarak işaretlendi.
Node_2,2026-05-21 09:03:53,19,59.28,0.058,-64.1,19.8,normal,-0.1898,False,
Node_1,2026-05-21 09:03:53,41,52.64,0.046,-56.2,19.9,normal,-0.1901,False,
Node_10,2026-05-21 09:04:13,31,71.55,0.048,-57.1,20.0,normal,-0.2041,False,
Node_9,2026-05-21 09:04:13,18,46.95,0.219,-58.5,226.1,packet_loss,-0.0333,True,Node_9 yüksek iletim gecikmesi nedeniyle paket kaybı riski taşıyor.
Node_8,2026-05-21 09:04:13,33,58.03,0.07,-53.2,21.7,normal,-0.2002,False,
Node_7,2026-05-21 09:04:13,31,46.31,0.062,-59.8,10.8,normal,-0.1871,False,
Node_1,2026-05-21 09:04:13,39,52.49,0.054,-54.1,11.6,normal,-0.1913,False,
Node_5,2026-05-21 09:04:13,14,5.05,0.027,-75.3,29.6,energy_drop,-0.0144,True,Node_5 pil seviyesinde ani düşüş olduğu için enerji anomalisi tespit edildi.
Node_4,2026-05-21 09:04:13,18,66.8,0.03,-50.0,8.1,normal,-0.1815,False,
Node_3,2026-05-21 09:04:13,262,64.21,0.078,-55.8,25.9,suspicious_activity,-0.0302,True,Node_3 normalden fazla veri gönderdiği için şüpheli aktivite olarak işaretlendi.
Node_2,2026-05-21 09:04:13,14,59.21,0.519,-57.7,36.6,communication_error,-0.0767,True,Node_2 yüksek hata oranı nedeniyle iletişim problemi olarak işaretlendi.
Node_6,2026-05-21 09:04:13,2,18.68,0.705,-73.9,412.5,node_failure,0.0584,True,Node_6 düğüm arızası olasılığı nedeniyle riskli olarak işaretlendi.
Node_8,2026-05-21 09:04:33,27,57.83,0.026,-50.9,16.6,normal,-0.2035,False,
Node_10,2026-05-21 09:04:33,37,71.44,0.06,-49.3,11.0,normal,-0.1927,False,
Node_9,2026-05-21 09:04:33,22,46.72,0.207,-53.7,183.6,packet_loss,-0.0411,True,Node_9 yüksek iletim gecikmesi nedeniyle paket kaybı riski taşıyor.
Node_7,2026-05-21 09:04:33,39,46.09,0.038,-68.4,28.6,node_silence,-0.1279,True,Node_7 uzun süre veri göndermediği için sessizlik anomalisi oluştu.
Node_6,2026-05-21 09:04:33,39,46.01,0.061,-45.4,14.3,normal,-0.1385,False,
Node_5,2026-05-21 09:04:33,18,68.53,0.044,-45.7,15.1,normal,-0.1572,False,
Node_4,2026-05-21 09:04:33,35,66.7,0.046,-46.0,17.8,normal,-0.1737,False,
Node_3,2026-05-21 09:04:33,196,64.03,0.062,-51.0,15.3,suspicious_activity,-0.0439,True,Node_3 normalden fazla veri gönderdiği için şüpheli aktivite olarak işaretlendi.
Node_2,2026-05-21 09:04:33,25,59.15,0.743,-76.3,43.1,communication_error,0.0102,True,Node_2 yüksek hata oranı nedeniyle iletişim problemi olarak işaretlendi.
Node_1,2026-05-21 09:04:33,28,52.38,0.068,-47.0,12.9,normal,-0.1755,False,
Node_10,2026-05-21 09:04:53,35,71.2,0.057,-62.8,13.8,normal,-0.1967,False,
Node_9,2026-05-21 09:04:53,15,46.62,0.292,-76.3,213.7,packet_loss,-0.0151,True,Node_9 yüksek iletim gecikmesi nedeniyle paket kaybı riski taşıyor.
Node_8,2026-05-21 09:04:53,30,57.65,0.019,-49.1,12.3,normal,-0.1833,False,
Node_7,2026-05-21 09:04:53,42,45.87,0.062,-63.4,7.2,normal,-0.1597,False,
Node_6,2026-05-21 09:04:53,43,45.8,0.031,-55.4,14.7,normal,-0.1755,False,
Node_5,2026-05-21 09:04:53,11,5.26,0.03,-62.9,44.6,energy_drop,-0.0517,True,Node_5 pil seviyesinde ani düşüş olduğu için enerji anomalisi tespit edildi.
Node_4,2026-05-21 09:04:53,20,66.53,0.074,-59.5,10.8,normal,-0.1954,False,
Node_3,2026-05-21 09:04:53,281,63.8,0.107,-66.0,23.8,suspicious_activity,0.0105,True,Node_3 normalden fazla veri gönderdiği için şüpheli aktivite olarak işaretlendi.
Node_2,2026-05-21 09:04:53,33,59.08,0.453,-59.1,56.0,communication_error,-0.0578,True,Node_2 yüksek hata oranı nedeniyle iletişim problemi olarak işaretlendi.
Node_1,2026-05-21 09:04:53,18,52.19,0.031,-52.9,7.7,normal,-0.1776,False,
Node_10,2026-05-21 09:05:13,39,71.02,0.02,-63.5,16.2,normal,-0.1663,False,
Node_9,2026-05-21 09:05:13,22,46.41,0.017,-51.9,6.3,normal,-0.1572,False,
Node_8,2026-05-21 09:05:13,43,57.56,0.076,-64.2,8.0,normal,-0.1594,False,
Node_7,2026-05-21 09:05:13,33,45.76,0.075,-48.7,6.8,normal,-0.1656,False,
Node_1,2026-05-21 09:05:13,22,52.09,0.078,-61.7,11.9,normal,-0.1918,False,
Node_5,2026-05-21 09:05:13,29,68.28,0.075,-45.6,15.9,normal,-0.1483,False,
Node_4,2026-05-21 09:05:13,45,66.29,0.022,-55.9,13.6,normal,-0.1727,False,
Node_3,2026-05-21 09:05:13,261,63.64,0.068,-53.9,38.2,suspicious_activity,0.0113,True,Node_3 normalden fazla veri gönderdiği için şüpheli aktivite olarak işaretlendi.
Node_2,2026-05-21 09:05:13,25,59.03,0.471,-61.5,33.9,communication_error,-0.0934,True,Node_2 yüksek hata oranı nedeniyle iletişim problemi olarak işaretlendi.
Node_6,2026-05-21 09:05:13,29,45.67,0.044,-60.6,9.4,normal,-0.18,False,
Node_8,2026-05-21 09:05:33,41,57.44,0.033,-51.7,17.3,normal,-0.1934,False,
Node_10,2026-05-21 09:05:33,36,70.96,0.022,-51.3,17.1,normal,-0.1914,False,
Node_9,2026-05-21 09:05:33,45,46.19,0.031,-49.7,11.2,normal,-0.1524,False,
Node_7,2026-05-21 09:05:33,21,45.63,0.05,-56.5,28.4,node_silence,-0.1738,True,Node_7 uzun süre veri göndermediği için sessizlik anomalisi oluştu.
Node_6,2026-05-21 09:05:33,29,45.57,0.061,-58.2,10.5,normal,-0.1925,False,
Node_5,2026-05-21 09:05:33,27,68.12,0.019,-54.2,14.7,normal,-0.1977,False,
Node_4,2026-05-21 09:05:33,29,66.11,0.014,-58.8,9.5,normal,-0.178,False,
Node_3,2026-05-21 09:05:33,231,63.41,0.116,-74.3,37.2,suspicious_activity,0.0328,True,Node_3 normalden fazla veri gönderdiği için şüpheli aktivite olarak işaretlendi.
Node_2,2026-05-21 09:05:33,19,58.96,0.48,-56.6,53.7,communication_error,-0.0723,True,Node_2 yüksek hata oranı nedeniyle iletişim problemi olarak işaretlendi.
Node_1,2026-05-21 09:05:33,21,51.99,0.021,-64.6,9.3,normal,-0.1668,False,
Node_10,2026-05-21 09:05:53,42,70.91,0.047,-59.5,8.6,normal,-0.1801,False,
Node_9,2026-05-21 09:05:53,25,46.05,0.266,-70.1,209.6,packet_loss,-0.0253,True,Node_9 yüksek iletim gecikmesi nedeniyle paket kaybı riski taşıyor.
Node_8,2026-05-21 09:05:53,42,57.35,0.022,-61.3,16.8,normal,-0.1801,False,
Node_7,2026-05-21 09:05:53,34,45.47,0.065,-47.8,11.9,normal,-0.1743,False,
Node_6,2026-05-21 09:05:53,1,22.05,0.857,-61.1,313.3,node_failure,0.0466,True,Node_6 düğüm arızası olasılığı nedeniyle riskli olarak işaretlendi.
Node_5,2026-05-21 09:05:53,15,68.07,0.039,-60.2,13.6,normal,-0.1763,False,
Node_4,2026-05-21 09:05:53,45,65.91,0.069,-64.7,6.5,normal,-0.1558,False,
Node_3,2026-05-21 09:05:53,204,63.24,0.066,-51.6,26.4,suspicious_activity,-0.0355,True,Node_3 normalden fazla veri gönderdiği için şüpheli aktivite olarak işaretlendi.
Node_2,2026-05-21 09:05:53,37,58.72,0.032,-56.1,13.2,normal,-0.1975,False,
Node_1,2026-05-21 09:05:53,19,51.79,0.063,-45.1,22.4,normal,-0.1416,False,
Node_10,2026-05-21 09:06:13,20,70.84,0.01,-56.2,19.5,normal,-0.1699,False,
Node_9,2026-05-21 09:06:13,14,45.98,0.34,-74.8,192.3,packet_loss,-0.0124,True,Node_9 yüksek iletim gecikmesi nedeniyle paket kaybı riski taşıyor.
Node_8,2026-05-21 09:06:13,28,57.29,0.035,-46.7,16.0,normal,-0.19,False,
Node_7,2026-05-21 09:06:13,39,45.35,0.03,-57.3,11.8,normal,-0.1756,False,
Node_1,2026-05-21 09:06:13,19,51.65,0.012,-51.2,19.4,normal,-0.1679,False,
Node_5,2026-05-21 09:06:13,19,6.69,0.026,-65.4,39.7,energy_drop,-0.0781,True,Node_5 pil seviyesinde ani düşüş olduğu için enerji anomalisi tespit edildi.
Node_4,2026-05-21 09:06:13,21,65.71,0.072,-55.1,19.2,normal,-0.2013,False,
Node_3,2026-05-21 09:06:13,35,63.16,0.017,-63.1,15.2,normal,-0.184,False,
Node_2,2026-05-21 09:06:13,25,58.63,0.019,-51.7,21.6,normal,-0.1893,False,
Node_6,2026-05-21 09:06:13,24,45.12,0.014,-64.8,10.5,normal,-0.1583,False,
Node_8,2026-05-21 09:06:33,39,57.18,0.061,-53.5,24.2,normal,-0.186,False,
Node_10,2026-05-21 09:06:33,31,70.62,0.039,-47.7,6.0,normal,-0.1706,False,
Node_9,2026-05-21 09:06:33,13,45.87,0.214,-60.4,155.7,packet_loss,-0.0476,True,Node_9 yüksek iletim gecikmesi nedeniyle paket kaybı riski taşıyor.
Node_7,2026-05-21 09:06:33,34,45.28,0.048,-45.1,13.6,normal,-0.142,False,
Node_6,2026-05-21 09:06:33,29,44.87,0.074,-45.9,20.2,normal,-0.1498,False,
Node_5,2026-05-21 09:06:33,34,67.93,0.031,-62.3,14.8,normal,-0.1973,False,
Node_4,2026-05-21 09:06:33,27,65.61,0.063,-63.5,17.2,normal,-0.1983,False,
Node_3,2026-05-21 09:06:33,259,62.92,0.061,-78.6,17.6,suspicious_activity,0.0388,True,Node_3 normalden fazla veri gönderdiği için şüpheli aktivite olarak işaretlendi.
Node_2,2026-05-21 09:06:33,26,58.54,0.656,-67.7,34.7,communication_error,-0.0394,True,Node_2 yüksek hata oranı nedeniyle iletişim problemi olarak işaretlendi.
Node_1,2026-05-21 09:06:33,28,51.44,0.057,-47.0,14.2,normal,-0.1814,False,
Node_10,2026-05-21 09:06:53,43,70.42,0.074,-60.4,20.4,normal,-0.1748,False,
Node_9,2026-05-21 09:06:53,40,45.63,0.023,-62.7,16.5,normal,-0.1665,False,
Node_8,2026-05-21 09:06:53,34,57.04,0.014,-58.9,6.6,normal,-0.1648,False,
Node_7,2026-05-21 09:06:53,34,45.2,0.022,-64.2,20.3,normal,-0.1726,False,
Node_6,2026-05-21 09:06:53,43,44.63,0.013,-47.4,16.5,normal,-0.1369,False,
Node_5,2026-05-21 09:06:53,19,67.74,0.013,-58.0,23.1,normal,-0.1771,False,
Node_4,2026-05-21 09:06:53,25,65.5,0.033,-57.8,9.7,normal,-0.2008,False,
Node_3,2026-05-21 09:06:53,18,62.87,0.04,-49.9,10.8,normal,-0.1895,False,
Node_2,2026-05-21 09:06:53,30,58.44,0.515,-77.6,55.2,communication_error,-0.0131,True,Node_2 yüksek hata oranı nedeniyle iletişim problemi olarak işaretlendi.
Node_1,2026-05-21 09:06:53,24,51.22,0.042,-52.7,19.6,normal,-0.1993,False,
Node_10,2026-05-21 09:07:13,23,70.3,0.071,-58.2,13.2,normal,-0.2018,False,
Node_9,2026-05-21 09:07:13,17,45.51,0.251,-78.5,249.8,packet_loss,0.0136,True,Node_9 yüksek iletim gecikmesi nedeniyle paket kaybı riski taşıyor.
Node_8,2026-05-21 09:07:13,27,56.92,0.07,-47.5,11.5,normal,-0.1938,False,
Node_7,2026-05-21 09:07:13,44,45.08,0.071,-64.5,16.0,normal,-0.1651,False,
Node_1,2026-05-21 09:07:13,25,51.01,0.015,-51.2,12.5,normal,-0.1822,False,
Node_5,2026-05-21 09:07:13,13,7.17,0.061,-62.0,18.3,energy_drop,-0.0788,True,Node_5 pil seviyesinde ani düşüş olduğu için enerji anomalisi tespit edildi.
Node_4,2026-05-21 09:07:13,31,65.29,0.038,-54.7,18.1,normal,-0.2044,False,
Node_3,2026-05-21 09:07:13,254,62.66,0.067,-79.2,30.2,suspicious_activity,0.0473,True,Node_3 normalden fazla veri gönderdiği için şüpheli aktivite olarak işaretlendi.
Node_2,2026-05-21 09:07:13,25,58.26,0.36,-65.4,44.1,communication_error,-0.0916,True,Node_2 yüksek hata oranı nedeniyle iletişim problemi olarak işaretlendi.
Node_6,2026-05-21 09:07:13,20,44.57,0.072,-63.2,12.1,normal,-0.1778,False,
Node_8,2026-05-21 09:07:33,33,56.7,0.028,-47.0,18.1,normal,-0.1838,False,
Node_10,2026-05-21 09:07:33,44,70.1,0.042,-50.5,13.4,normal,-0.1866,False,
Node_9,2026-05-21 09:07:33,21,45.41,0.212,-64.4,273.9,packet_loss,-0.0108,True,Node_9 yüksek iletim gecikmesi nedeniyle paket kaybı riski taşıyor.
Node_7,2026-05-21 09:07:33,23,44.96,0.033,-78.8,17.9,node_silence,-0.0663,True,Node_7 uzun süre veri göndermediği için sessizlik anomalisi oluştu.
Node_6,2026-05-21 09:07:33,0,35.33,0.932,-58.4,271.6,node_failure,0.0678,True,Node_6 düğüm arızası olasılığı nedeniyle riskli olarak işaretlendi.
Node_5,2026-05-21 09:07:33,30,9.15,0.064,-63.8,15.3,energy_drop,-0.1023,True,Node_5 pil seviyesinde ani düşüş olduğu için enerji anomalisi tespit edildi.
Node_4,2026-05-21 09:07:33,35,65.05,0.078,-60.6,5.4,normal,-0.1683,False,
Node_3,2026-05-21 09:07:33,207,62.46,0.119,-71.0,10.6,suspicious_activity,0.0102,True,Node_3 normalden fazla veri gönderdiği için şüpheli aktivite olarak işaretlendi.
Node_2,2026-05-21 09:07:33,37,58.03,0.022,-48.1,8.8,normal,-0.1726,False,
Node_1,2026-05-21 09:07:33,20,50.86,0.06,-52.9,6.6,normal,-0.1763,False,
Node_10,2026-05-21 09:07:53,17,69.89,0.022,-52.4,24.8,normal,-0.1634,False,
Node_9,2026-05-21 09:07:53,41,45.16,0.072,-53.8,18.2,normal,-0.1798,False,
Node_8,2026-05-21 09:07:53,15,56.62,0.02,-46.4,12.0,normal,-0.1444,False,
Node_7,2026-05-21 09:07:53,24,44.73,0.017,-63.0,18.3,normal,-0.1752,False,
Node_6,2026-05-21 09:07:53,28,44.32,0.037,-62.7,24.6,normal,-0.1805,False,
Node_5,2026-05-21 09:07:53,24,67.34,0.032,-61.0,11.0,normal,-0.2026,False,
Node_4,2026-05-21 09:07:53,27,65.0,0.068,-55.6,15.6,normal,-0.2073,False,
Node_3,2026-05-21 09:07:53,29,62.24,0.077,-49.6,16.5,normal,-0.1929,False,
Node_2,2026-05-21 09:07:53,35,57.84,0.619,-62.2,48.9,communication_error,-0.0468,True,Node_2 yüksek hata oranı nedeniyle iletişim problemi olarak işaretlendi.
Node_1,2026-05-21 09:07:53,35,50.79,0.066,-65.0,14.0,normal,-0.186,False,
Node_10,2026-05-21 09:08:13,41,69.83,0.057,-58.2,23.0,normal,-0.1851,False,
Node_9,2026-05-21 09:08:13,25,45.1,0.289,-62.2,219.8,packet_loss,-0.026,True,Node_9 yüksek iletim gecikmesi nedeniyle paket kaybı riski taşıyor.
Node_8,2026-05-21 09:08:13,36,56.46,0.078,-56.4,10.2,normal,-0.1915,False,
Node_7,2026-05-21 09:08:13,17,44.61,0.086,-57.5,27.7,node_silence,-0.1588,True,Node_7 uzun süre veri göndermediği için sessizlik anomalisi oluştu.
Node_1,2026-05-21 09:08:13,20,50.65,0.042,-55.5,9.3,normal,-0.1864,False,
Node_5,2026-05-21 09:08:13,43,67.11,0.014,-53.7,19.0,normal,-0.1739,False,
Node_4,2026-05-21 09:08:13,25,64.91,0.041,-47.2,17.1,normal,-0.1949,False,
Node_3,2026-05-21 09:08:13,344,62.16,0.058,-65.8,14.6,suspicious_activity,0.0143,True,Node_3 normalden fazla veri gönderdiği için şüpheli aktivite olarak işaretlendi.
Node_2,2026-05-21 09:08:13,21,57.73,0.026,-61.6,9.3,normal,-0.189,False,
Node_6,2026-05-21 09:08:13,38,44.22,0.055,-45.6,23.1,normal,-0.1425,False,
Node_8,2026-05-21 09:08:33,30,56.25,0.039,-61.5,7.9,normal,-0.1911,False,
Node_10,2026-05-21 09:08:33,28,69.65,0.074,-59.1,19.3,normal,-0.2019,False,
Node_9,2026-05-21 09:08:33,8,44.93,0.188,-68.3,186.6,packet_loss,-0.0404,True,Node_9 yüksek iletim gecikmesi nedeniyle paket kaybı riski taşıyor.
Node_7,2026-05-21 09:08:33,33,44.47,0.025,-71.3,11.5,node_silence,-0.1196,True,Node_7 uzun süre veri göndermediği için sessizlik anomalisi oluştu.
Node_6,2026-05-21 09:08:33,19,43.97,0.059,-50.1,18.7,normal,-0.1807,False,
Node_5,2026-05-21 09:08:33,20,67.01,0.018,-62.8,10.6,normal,-0.1843,False,
Node_4,2026-05-21 09:08:33,39,64.75,0.075,-60.2,24.8,normal,-0.1789,False,
Node_3,2026-05-21 09:08:33,36,62.08,0.033,-63.7,20.0,normal,-0.1931,False,
Node_2,2026-05-21 09:08:33,35,57.62,0.071,-53.8,7.4,normal,-0.1923,False,
Node_1,2026-05-21 09:08:33,15,50.47,0.012,-61.4,24.5,normal,-0.144,False,
Node_10,2026-05-21 09:08:53,32,69.49,0.071,-64.3,15.9,normal,-0.1883,False,
Node_9,2026-05-21 09:08:53,19,44.69,0.193,-65.6,179.6,packet_loss,-0.064,True,Node_9 yüksek iletim gecikmesi nedeniyle paket kaybı riski taşıyor.
Node_8,2026-05-21 09:08:53,29,56.13,0.016,-58.0,9.4,normal,-0.1825,False,
Node_7,2026-05-21 09:08:53,15,44.24,0.049,-53.4,25.0,normal,-0.153,False,
Node_6,2026-05-21 09:08:53,37,43.85,0.02,-61.1,6.8,normal,-0.1475,False,
Node_5,2026-05-21 09:08:53,26,7.38,0.098,-62.8,28.3,energy_drop,-0.0832,True,Node_5 pil seviyesinde ani düşüş olduğu için enerji anomalisi tespit edildi.
Node_4,2026-05-21 09:08:53,26,64.61,0.02,-63.0,11.1,normal,-0.1909,False,
Node_3,2026-05-21 09:08:53,294,61.83,0.085,-57.5,34.7,suspicious_activity,0.0046,True,Node_3 normalden fazla veri gönderdiği için şüpheli aktivite olarak işaretlendi.
Node_2,2026-05-21 09:08:53,14,57.39,0.637,-57.7,31.9,communication_error,-0.0571,True,Node_2 yüksek hata oranı nedeniyle iletişim problemi olarak işaretlendi.
Node_1,2026-05-21 09:08:53,43,50.35,0.048,-49.7,19.6,normal,-0.1801,False,
Node_10,2026-05-21 09:09:13,16,69.36,0.016,-59.3,15.3,normal,-0.165,False,
Node_9,2026-05-21 09:09:13,20,44.56,0.051,-46.1,20.3,normal,-0.1541,False,
Node_8,2026-05-21 09:09:13,27,56.07,0.054,-53.3,18.8,normal,-0.2052,False,
Node_7,2026-05-21 09:09:13,32,44.19,0.026,-47.0,17.6,normal,-0.1622,False,
Node_1,2026-05-21 09:09:13,30,50.17,0.073,-63.6,13.6,normal,-0.1908,False,
Node_5,2026-05-21 09:09:13,27,10.36,0.03,-70.5,20.2,energy_drop,-0.0781,True,Node_5 pil seviyesinde ani düşüş olduğu için enerji anomalisi tespit edildi.
Node_4,2026-05-21 09:09:13,41,64.55,0.021,-48.6,15.5,normal,-0.1735,False,
Node_3,2026-05-21 09:09:13,324,61.6,0.118,-50.2,38.2,suspicious_activity,0.0517,True,Node_3 normalden fazla veri gönderdiği için şüpheli aktivite olarak işaretlendi.
Node_2,2026-05-21 09:09:13,26,57.21,0.617,-77.3,59.5,communication_error,-0.0056,True,Node_2 yüksek hata oranı nedeniyle iletişim problemi olarak işaretlendi.
Node_6,2026-05-21 09:09:13,1,26.45,0.872,-59.4,206.7,node_failure,0.0539,True,Node_6 düğüm arızası olasılığı nedeniyle riskli olarak işaretlendi.
Node_8,2026-05-21 09:09:33,35,55.9,0.058,-46.6,19.0,normal,-0.1825,False,
Node_10,2026-05-21 09:09:33,40,69.22,0.014,-55.0,9.6,normal,-0.1729,False,
Node_9,2026-05-21 09:09:33,10,44.48,0.255,-62.1,274.0,packet_loss,-0.0086,True,Node_9 yüksek iletim gecikmesi nedeniyle paket kaybı riski taşıyor.
Node_7,2026-05-21 09:09:33,34,44.04,0.054,-53.2,23.4,normal,-0.1856,False,
Node_6,2026-05-21 09:09:33,35,43.48,0.064,-57.0,24.0,normal,-0.1827,False,
Node_5,2026-05-21 09:09:33,26,66.53,0.051,-52.0,18.1,normal,-0.2068,False,
Node_4,2026-05-21 09:09:33,28,64.46,0.032,-57.0,23.3,normal,-0.2023,False,
Node_3,2026-05-21 09:09:33,207,61.39,0.128,-61.8,37.1,suspicious_activity,-0.0076,True,Node_3 normalden fazla veri gönderdiği için şüpheli aktivite olarak işaretlendi.
Node_2,2026-05-21 09:09:33,31,57.06,0.622,-50.3,50.8,communication_error,-0.0139,True,Node_2 yüksek hata oranı nedeniyle iletişim problemi olarak işaretlendi.
Node_1,2026-05-21 09:09:33,31,49.97,0.045,-48.3,8.6,normal,-0.179,False,
Node_10,2026-05-21 09:09:53,31,69.12,0.051,-47.1,11.1,normal,-0.1853,False,
Node_9,2026-05-21 09:09:53,36,44.38,0.034,-45.7,23.0,normal,-0.1442,False,
Node_8,2026-05-21 09:09:53,25,55.78,0.022,-52.5,5.5,normal,-0.1728,False,
Node_7,2026-05-21 09:09:53,16,43.92,0.046,-63.2,11.6,normal,-0.1676,False,
Node_6,2026-05-21 09:09:53,28,43.32,0.022,-51.6,12.8,normal,-0.1794,False,
Node_5,2026-05-21 09:09:53,38,66.48,0.035,-55.0,12.2,normal,-0.1953,False,
Node_4,2026-05-21 09:09:53,24,64.3,0.061,-47.5,21.0,normal,-0.1919,False,
Node_3,2026-05-21 09:09:53,233,61.3,0.081,-53.6,24.1,suspicious_activity,-0.0294,True,Node_3 normalden fazla veri gönderdiği için şüpheli aktivite olarak işaretlendi.
Node_2,2026-05-21 09:09:53,18,56.88,0.621,-78.8,47.5,communication_error,0.0023,True,Node_2 yüksek hata oranı nedeniyle iletişim problemi olarak işaretlendi.
Node_1,2026-05-21 09:09:53,26,49.72,0.044,-51.2,18.5,normal,-0.2001,False,
Node_10,2026-05-21 09:10:13,38,68.87,0.014,-61.1,18.4,normal,-0.1788,False,
Node_9,2026-05-21 09:10:13,18,44.17,0.025,-57.6,12.0,normal,-0.1679,False,
Node_8,2026-05-21 09:10:13,18,55.6,0.017,-47.5,15.8,normal,-0.1713,False,
Node_7,2026-05-21 09:10:13,34,43.74,0.021,-51.2,23.8,normal,-0.1696,False,
Node_1,2026-05-21 09:10:13,37,49.52,0.075,-48.2,20.3,normal,-0.1728,False,
Node_5,2026-05-21 09:10:13,19,66.3,0.063,-62.1,5.8,normal,-0.1784,False,
Node_4,2026-05-21 09:10:13,20,64.23,0.034,-48.9,10.1,normal,-0.1874,False,
Node_3,2026-05-21 09:10:13,23,61.15,0.049,-58.7,6.3,normal,-0.1905,False,
Node_2,2026-05-21 09:10:13,30,56.63,0.458,-58.4,34.7,communication_error,-0.0813,True,Node_2 yüksek hata oranı nedeniyle iletişim problemi olarak işaretlendi.
Node_6,2026-05-21 09:10:13,2,21.28,0.86,-64.5,490.5,node_failure,0.0911,True,Node_6 düğüm arızası olasılığı nedeniyle riskli olarak işaretlendi.
Node_8,2026-05-21 09:10:33,29,55.53,0.041,-62.4,6.3,normal,-0.1856,False,
Node_10,2026-05-21 09:10:33,25,68.68,0.033,-62.8,9.2,normal,-0.1934,False,
Node_9,2026-05-21 09:10:33,21,44.12,0.161,-74.0,201.0,packet_loss,-0.0156,True,Node_9 yüksek iletim gecikmesi nedeniyle paket kaybı riski taşıyor.
Node_7,2026-05-21 09:10:33,28,43.52,0.087,-57.2,14.3,node_silence,-0.1802,True,Node_7 uzun süre veri göndermediği için sessizlik anomalisi oluştu.
Node_1,2026-05-21 09:10:33,16,49.35,0.038,-57.1,10.1,normal,-0.1701,False,
Node_5,2026-05-21 09:10:33,27,66.23,0.06,-59.6,21.5,normal,-0.2038,False,
Node_4,2026-05-21 09:10:33,34,64.12,0.031,-63.6,9.6,normal,-0.186,False,
Node_3,2026-05-21 09:10:33,27,61.05,0.023,-46.6,20.7,normal,-0.1742,False,
Node_2,2026-05-21 09:10:33,33,56.56,0.367,-73.0,71.0,communication_error,-0.0455,True,Node_2 yüksek hata oranı nedeniyle iletişim problemi olarak işaretlendi.
Node_6,2026-05-21 09:10:33,36,43.05,0.077,-61.1,5.7,normal,-0.1605,False,
Node_10,2026-05-21 09:10:53,19,68.44,0.059,-57.6,8.6,normal,-0.1919,False,
Node_9,2026-05-21 09:10:53,34,43.91,0.038,-57.0,19.3,normal,-0.187,False,
Node_8,2026-05-21 09:10:53,40,55.35,0.023,-47.9,20.6,normal,-0.1711,False,
Node_7,2026-05-21 09:10:53,19,43.38,0.024,-45.0,17.1,normal,-0.1186,False,
Node_6,2026-05-21 09:10:53,1,11.68,0.678,-60.6,310.3,node_failure,0.046,True,Node_6 düğüm arızası olasılığı nedeniyle riskli olarak işaretlendi.
Node_5,2026-05-21 09:10:53,34,66.03,0.052,-59.2,15.0,normal,-0.1977,False,
Node_4,2026-05-21 09:10:53,31,63.93,0.064,-63.6,12.5,normal,-0.1922,False,
Node_3,2026-05-21 09:10:53,19,60.9,0.023,-58.1,19.8,normal,-0.1922,False,
Node_2,2026-05-21 09:10:53,43,56.42,0.055,-61.8,19.2,normal,-0.1911,False,
Node_1,2026-05-21 09:10:53,28,49.12,0.038,-59.4,13.7,normal,-0.1959,False,
Node_10,2026-05-21 09:11:13,40,68.28,0.077,-53.0,23.9,normal,-0.1744,False,
Node_9,2026-05-21 09:11:13,26,43.85,0.023,-57.8,18.4,normal,-0.1863,False,
Node_8,2026-05-21 09:11:13,22,55.17,0.078,-61.4,20.3,normal,-0.1967,False,
Node_7,2026-05-21 09:11:13,40,43.17,0.039,-58.6,12.5,normal,-0.1766,False,
Node_1,2026-05-21 09:11:13,42,48.98,0.058,-50.7,16.1,normal,-0.1838,False,
Node_5,2026-05-21 09:11:13,16,5.23,0.031,-51.2,35.3,energy_drop,-0.0654,True,Node_5 pil seviyesinde ani düşüş olduğu için enerji anomalisi tespit edildi.
Node_4,2026-05-21 09:11:13,18,63.7,0.018,-49.6,11.3,normal,-0.1809,False,
Node_3,2026-05-21 09:11:13,38,60.78,0.013,-53.6,13.0,normal,-0.1781,False,
Node_2,2026-05-21 09:11:13,11,56.27,0.56,-78.2,41.3,communication_error,-0.0017,True,Node_2 yüksek hata oranı nedeniyle iletişim problemi olarak işaretlendi.
Node_6,2026-05-21 09:11:13,15,42.65,0.016,-49.3,18.2,normal,-0.139,False,
Node_8,2026-05-21 09:11:33,28,55.04,0.047,-55.8,19.7,normal,-0.2076,False,
Node_10,2026-05-21 09:11:33,44,68.03,0.067,-55.4,18.6,normal,-0.1901,False,
Node_9,2026-05-21 09:11:33,14,43.6,0.21,-72.1,210.8,packet_loss,-0.0245,True,Node_9 yüksek iletim gecikmesi nedeniyle paket kaybı riski taşıyor.
Node_7,2026-05-21 09:11:33,21,43.12,0.011,-51.1,22.1,normal,-0.1522,False,
Node_6,2026-05-21 09:11:33,19,42.48,0.026,-59.3,19.0,normal,-0.1698,False,
Node_5,2026-05-21 09:11:33,34,65.78,0.025,-63.8,17.8,normal,-0.1845,False,
Node_4,2026-05-21 09:11:33,18,63.51,0.028,-51.4,15.2,normal,-0.1894,False,
Node_3,2026-05-21 09:11:33,20,60.59,0.02,-48.1,19.7,normal,-0.1834,False,
Node_2,2026-05-21 09:11:33,45,56.13,0.035,-62.9,20.4,normal,-0.1741,False,
Node_1,2026-05-21 09:11:33,29,48.9,0.012,-64.5,23.8,normal,-0.1635,False,
Node_10,2026-05-21 09:11:53,39,67.79,0.068,-48.0,22.2,normal,-0.175,False,
Node_9,2026-05-21 09:11:53,43,43.47,0.016,-47.4,20.5,normal,-0.1324,False,
Node_8,2026-05-21 09:11:53,27,54.98,0.032,-61.4,5.2,normal,-0.1817,False,
Node_7,2026-05-21 09:11:53,28,43.0,0.073,-69.7,16.0,node_silence,-0.142,True,Node_7 uzun süre veri göndermediği için sessizlik anomalisi oluştu.
Node_6,2026-05-21 09:11:53,29,42.41,0.057,-53.5,10.6,normal,-0.1825,False,
Node_5,2026-05-21 09:11:53,29,7.18,0.045,-57.3,41.3,energy_drop,-0.0824,True,Node_5 pil seviyesinde ani düşüş olduğu için enerji anomalisi tespit edildi.
Node_4,2026-05-21 09:11:53,17,63.34,0.032,-65.0,8.1,normal,-0.1686,False,
Node_3,2026-05-21 09:11:53,39,60.41,0.034,-59.1,17.6,normal,-0.1901,False,
Node_2,2026-05-21 09:11:53,18,55.93,0.057,-58.3,18.0,normal,-0.1978,False,
Node_1,2026-05-21 09:11:53,25,48.76,0.029,-55.0,22.7,normal,-0.1953,False,
Node_10,2026-05-21 09:12:13,35,67.66,0.08,-51.4,12.6,normal,-0.1898,False,
Node_9,2026-05-21 09:12:13,13,43.24,0.191,-74.9,257.2,packet_loss,0.0076,True,Node_9 yüksek iletim gecikmesi nedeniyle paket kaybı riski taşıyor.
Node_8,2026-05-21 09:12:13,27,54.9,0.014,-49.0,18.7,normal,-0.1781,False,
Node_7,2026-05-21 09:12:13,16,42.91,0.045,-52.0,24.6,normal,-0.1553,False,
Node_1,2026-05-21 09:12:13,19,48.54,0.023,-58.5,22.6,normal,-0.1835,False,
Node_5,2026-05-21 09:12:13,30,65.43,0.036,-56.3,11.7,normal,-0.2011,False,
Node_4,2026-05-21 09:12:13,32,63.26,0.055,-58.2,17.5,normal,-0.2067,False,
Node_3,2026-05-21 09:12:13,301,60.18,0.14,-57.3,35.7,suspicious_activity,0.0136,True,Node_3 normalden fazla veri gönderdiği için şüpheli aktivite olarak işaretlendi.
Node_2,2026-05-21 09:12:13,42,55.88,0.025,-62.7,22.0,normal,-0.1809,False,
Node_6,2026-05-21 09:12:13,2,11.24,0.85,-50.8,313.6,node_failure,0.0806,True,Node_6 düğüm arızası olasılığı nedeniyle riskli olarak işaretlendi.
Node_8,2026-05-21 09:12:33,43,54.83,0.016,-48.1,14.9,normal,-0.1562,False,
Node_10,2026-05-21 09:12:33,33,67.57,0.057,-63.9,22.2,normal,-0.1907,False,
Node_9,2026-05-21 09:12:33,27,43.11,0.066,-54.5,11.6,normal,-0.1924,False,
Node_7,2026-05-21 09:12:33,39,42.84,0.02,-56.2,17.0,node_silence,-0.1575,True,Node_7 uzun süre veri göndermediği için sessizlik anomalisi oluştu.
Node_6,2026-05-21 09:12:33,38,42.12,0.046,-63.4,23.9,normal,-0.1691,False,
Node_5,2026-05-21 09:12:33,33,65.2,0.059,-59.4,12.5,normal,-0.1978,False,
Node_4,2026-05-21 09:12:33,28,63.11,0.077,-64.4,21.4,normal,-0.1925,False,
Node_3,2026-05-21 09:12:33,291,59.97,0.052,-59.9,10.5,suspicious_activity,-0.0158,True,Node_3 normalden fazla veri gönderdiği için şüpheli aktivite olarak işaretlendi.
Node_2,2026-05-21 09:12:33,31,55.75,0.501,-54.1,72.3,communication_error,-0.0319,True,Node_2 yüksek hata oranı nedeniyle iletişim problemi olarak işaretlendi.
Node_1,2026-05-21 09:12:33,27,48.44,0.033,-60.9,15.3,normal,-0.1953,False,
Node_10,2026-05-21 09:12:53,41,67.51,0.056,-53.3,14.8,normal,-0.1903,False,
Node_9,2026-05-21 09:12:53,29,42.89,0.012,-64.0,20.2,normal,-0.1555,False,
Node_8,2026-05-21 09:12:53,22,54.6,0.067,-64.0,11.9,normal,-0.196,False,
Node_7,2026-05-21 09:12:53,18,42.74,0.025,-45.9,6.1,normal,-0.1159,False,
Node_6,2026-05-21 09:12:53,3,29.56,0.866,-78.8,337.7,node_failure,0.0629,True,Node_6 düğüm arızası olasılığı nedeniyle riskli olarak işaretlendi.
Node_5,2026-05-21 09:12:53,39,65.02,0.071,-63.8,23.4,normal,-0.1805,False,
Node_4,2026-05-21 09:12:53,21,62.89,0.037,-63.8,19.3,normal,-0.1927,False,
Node_3,2026-05-21 09:12:53,328,59.82,0.089,-61.7,27.4,suspicious_activity,0.021,True,Node_3 normalden fazla veri gönderdiği için şüpheli aktivite olarak işaretlendi.
Node_2,2026-05-21 09:12:53,22,55.69,0.038,-52.9,5.5,normal,-0.1783,False,
Node_1,2026-05-21 09:12:53,39,48.2,0.015,-56.2,18.8,normal,-0.1636,False,
Node_10,2026-05-21 09:13:13,18,67.34,0.035,-58.8,9.8,normal,-0.1829,False,
Node_9,2026-05-21 09:13:13,22,42.65,0.245,-55.0,136.7,packet_loss,-0.0466,True,Node_9 yüksek iletim gecikmesi nedeniyle paket kaybı riski taşıyor.
Node_8,2026-05-21 09:13:13,26,54.37,0.044,-62.0,23.4,normal,-0.2042,False,
Node_7,2026-05-21 09:13:13,44,42.53,0.011,-56.6,21.6,normal,-0.1376,False,
Node_1,2026-05-21 09:13:13,20,48.02,0.043,-64.9,24.1,normal,-0.1732,False,
Node_5,2026-05-21 09:13:13,28,64.84,0.058,-45.5,6.0,normal,-0.1462,False,
Node_4,2026-05-21 09:13:13,41,62.8,0.038,-50.3,8.3,normal,-0.1783,False,
Node_3,2026-05-21 09:13:13,228,59.58,0.062,-69.6,32.0,suspicious_activity,-0.0095,True,Node_3 normalden fazla veri gönderdiği için şüpheli aktivite olarak işaretlendi.
Node_2,2026-05-21 09:13:13,37,55.6,0.039,-52.7,10.6,normal,-0.1941,False,
Node_6,2026-05-21 09:13:13,36,41.89,0.042,-55.7,5.8,normal,-0.1539,False,
Node_8,2026-05-21 09:13:33,29,54.26,0.022,-49.3,14.8,normal,-0.1904,False,
Node_10,2026-05-21 09:13:33,18,67.27,0.074,-46.6,19.7,normal,-0.1649,False,
Node_9,2026-05-21 09:13:33,14,42.52,0.304,-66.3,228.8,packet_loss,-0.0345,True,Node_9 yüksek iletim gecikmesi nedeniyle paket kaybı riski taşıyor.
Node_7,2026-05-21 09:13:33,40,42.32,0.07,-48.4,8.0,normal,-0.1482,False,
Node_6,2026-05-21 09:13:33,20,41.81,0.039,-63.4,6.5,normal,-0.1571,False,
Node_5,2026-05-21 09:13:33,38,64.69,0.045,-52.0,24.6,normal,-0.1851,False,
Node_4,2026-05-21 09:13:33,41,62.72,0.039,-64.0,24.0,normal,-0.1752,False,
Node_3,2026-05-21 09:13:33,338,59.48,0.135,-76.2,29.1,suspicious_activity,0.0768,True,Node_3 normalden fazla veri gönderdiği için şüpheli aktivite olarak işaretlendi.
Node_2,2026-05-21 09:13:33,26,55.46,0.355,-53.1,71.9,communication_error,-0.0699,True,Node_2 yüksek hata oranı nedeniyle iletişim problemi olarak işaretlendi.
Node_1,2026-05-21 09:13:33,45,47.88,0.031,-55.6,9.6,normal,-0.1599,False,
Node_10,2026-05-21 09:13:53,44,67.13,0.016,-63.4,19.3,normal,-0.165,False,
Node_9,2026-05-21 09:13:53,12,42.29,0.152,-78.6,272.6,packet_loss,0.0356,True,Node_9 yüksek iletim gecikmesi nedeniyle paket kaybı riski taşıyor.
Node_8,2026-05-21 09:13:53,22,54.19,0.037,-53.4,22.6,normal,-0.1999,False,
Node_7,2026-05-21 09:13:53,44,42.27,0.057,-46.7,20.3,normal,-0.1471,False,
Node_6,2026-05-21 09:13:53,2,16.98,0.808,-56.1,317.6,node_failure,0.0444,True,Node_6 düğüm arızası olasılığı nedeniyle riskli olarak işaretlendi.
Node_5,2026-05-21 09:13:53,25,64.46,0.014,-53.5,9.1,normal,-0.1808,False,
Node_4,2026-05-21 09:13:53,44,62.59,0.05,-60.3,24.0,normal,-0.1817,False,
Node_3,2026-05-21 09:13:53,183,59.29,0.102,-70.4,21.3,suspicious_activity,-0.0191,True,Node_3 normalden fazla veri gönderdiği için şüpheli aktivite olarak işaretlendi.
Node_2,2026-05-21 09:13:53,19,55.29,0.045,-55.4,13.8,normal,-0.1979,False,
Node_1,2026-05-21 09:13:53,37,47.73,0.055,-64.5,15.4,normal,-0.1791,False,
Node_10,2026-05-21 09:14:13,25,66.9,0.071,-48.7,7.8,normal,-0.1852,False,
Node_9,2026-05-21 09:14:13,19,42.11,0.249,-79.4,181.0,packet_loss,0.0077,True,Node_9 yüksek iletim gecikmesi nedeniyle paket kaybı riski taşıyor.
Node_8,2026-05-21 09:14:13,24,54.11,0.05,-62.1,15.4,normal,-0.2028,False,
Node_7,2026-05-21 09:14:13,44,42.17,0.071,-58.8,13.7,normal,-0.1711,False,
Node_1,2026-05-21 09:14:13,21,47.56,0.058,-57.9,17.1,normal,-0.1984,False,
Node_5,2026-05-21 09:14:13,14,10.88,0.023,-67.1,30.7,energy_drop,-0.0699,True,Node_5 pil seviyesinde ani düşüş olduğu için enerji anomalisi tespit edildi.
Node_4,2026-05-21 09:14:13,38,62.51,0.051,-55.3,13.9,normal,-0.1985,False,
Node_3,2026-05-21 09:14:13,37,59.11,0.06,-58.8,7.0,normal,-0.1819,False,
Node_2,2026-05-21 09:14:13,17,55.09,0.46,-66.7,49.8,communication_error,-0.0843,True,Node_2 yüksek hata oranı nedeniyle iletişim problemi olarak işaretlendi.
Node_6,2026-05-21 09:14:13,4,22.32,0.662,-61.0,353.3,node_failure,0.025,True,Node_6 düğüm arızası olasılığı nedeniyle riskli olarak işaretlendi.
Node_8,2026-05-21 09:14:33,42,53.88,0.068,-52.1,12.0,normal,-0.1888,False,
Node_10,2026-05-21 09:14:33,33,66.8,0.01,-46.9,5.0,normal,-0.1283,False,
Node_9,2026-05-21 09:14:33,32,41.95,0.054,-55.2,21.3,normal,-0.1879,False,
Node_7,2026-05-21 09:14:33,31,42.04,0.036,-51.7,19.6,normal,-0.1803,False,
Node_1,2026-05-21 09:14:33,34,47.38,0.021,-48.1,18.6,normal,-0.1715,False,
Node_5,2026-05-21 09:14:33,10,13.4,0.038,-71.2,49.6,energy_drop,-0.0183,True,Node_5 pil seviyesinde ani düşüş olduğu için enerji anomalisi tespit edildi.
Node_4,2026-05-21 09:14:33,21,62.31,0.061,-47.8,15.8,normal,-0.1939,False,
Node_3,2026-05-21 09:14:33,266,58.96,0.133,-73.4,38.0,suspicious_activity,0.0438,True,Node_3 normalden fazla veri gönderdiği için şüpheli aktivite olarak işaretlendi.
Node_2,2026-05-21 09:14:33,22,54.89,0.608,-66.6,71.9,communication_error,-0.052,True,Node_2 yüksek hata oranı nedeniyle iletişim problemi olarak işaretlendi.
Node_6,2026-05-21 09:14:33,1,21.11,0.666,-78.7,440.0,node_failure,0.0922,True,Node_6 düğüm arızası olasılığı nedeniyle riskli olarak işaretlendi.
Node_10,2026-05-21 09:14:53,21,66.74,0.069,-59.1,14.1,normal,-0.2014,False,
Node_9,2026-05-21 09:14:53,18,41.78,0.169,-57.1,235.5,packet_loss,-0.0311,True,Node_9 yüksek iletim gecikmesi nedeniyle paket kaybı riski taşıyor.
Node_8,2026-05-21 09:14:53,30,53.75,0.057,-64.5,15.0,normal,-0.1881,False,
Node_7,2026-05-21 09:14:53,45,41.82,0.052,-60.0,13.5,normal,-0.1613,False,
Node_6,2026-05-21 09:14:53,5,11.22,0.69,-51.2,412.3,node_failure,0.0925,True,Node_6 düğüm arızası olasılığı nedeniyle riskli olarak işaretlendi.
Node_5,2026-05-21 09:14:53,40,64.03,0.061,-51.2,22.1,normal,-0.1921,False,
Node_4,2026-05-21 09:14:53,40,62.07,0.073,-59.5,22.0,normal,-0.185,False,
Node_3,2026-05-21 09:14:53,317,58.74,0.121,-57.6,32.7,suspicious_activity,0.0268,True,Node_3 normalden fazla veri gönderdiği için şüpheli aktivite olarak işaretlendi.
Node_2,2026-05-21 09:14:53,16,54.78,0.452,-66.0,51.0,communication_error,-0.0837,True,Node_2 yüksek hata oranı nedeniyle iletişim problemi olarak işaretlendi.
Node_1,2026-05-21 09:14:53,41,47.23,0.049,-51.6,5.6,normal,-0.1542,False,
Node_10,2026-05-21 09:15:13,20,66.6,0.018,-64.4,10.8,normal,-0.1798,False,
Node_9,2026-05-21 09:15:13,34,41.56,0.07,-63.7,21.8,normal,-0.179,False,
Node_8,2026-05-21 09:15:13,16,53.57,0.055,-46.9,20.2,normal,-0.161,False,
Node_7,2026-05-21 09:15:13,30,41.72,0.01,-62.3,25.0,node_silence,-0.1521,True,Node_7 uzun süre veri göndermediği için sessizlik anomalisi oluştu.
Node_1,2026-05-21 09:15:13,33,47.12,0.052,-53.1,8.0,normal,-0.1779,False,
Node_5,2026-05-21 09:15:13,41,63.89,0.029,-59.7,23.4,normal,-0.1824,False,
Node_4,2026-05-21 09:15:13,23,61.83,0.031,-63.9,18.3,normal,-0.1979,False,
Node_3,2026-05-21 09:15:13,45,58.53,0.044,-63.6,12.5,normal,-0.1763,False,
Node_2,2026-05-21 09:15:13,38,54.72,0.061,-64.3,11.1,normal,-0.1854,False,
Node_6,2026-05-21 09:15:13,19,41.19,0.031,-56.2,10.4,normal,-0.169,False,
Node_8,2026-05-21 09:15:33,37,53.46,0.073,-47.0,24.8,normal,-0.159,False,
Node_10,2026-05-21 09:15:33,33,66.38,0.03,-45.1,23.6,normal,-0.146,False,
Node_9,2026-05-21 09:15:33,36,41.37,0.026,-63.2,14.7,normal,-0.1693,False,
Node_7,2026-05-21 09:15:33,40,41.64,0.039,-55.1,5.5,node_silence,-0.1471,True,Node_7 uzun süre veri göndermediği için sessizlik anomalisi oluştu.
Node_6,2026-05-21 09:15:33,3,28.75,0.822,-70.2,433.6,node_failure,0.0565,True,Node_6 düğüm arızası olasılığı nedeniyle riskli olarak işaretlendi.
Node_5,2026-05-21 09:15:33,26,63.76,0.071,-48.8,19.5,normal,-0.2002,False,
Node_4,2026-05-21 09:15:33,28,61.69,0.063,-46.6,11.2,normal,-0.1818,False,
Node_3,2026-05-21 09:15:33,16,58.32,0.065,-55.6,22.4,normal,-0.182,False,
Node_2,2026-05-21 09:15:33,26,54.66,0.078,-57.6,8.5,normal,-0.1941,False,
Node_1,2026-05-21 09:15:33,18,46.94,0.055,-58.9,23.8,normal,-0.1793,False,
Node_10,2026-05-21 09:15:53,32,66.25,0.066,-50.7,21.8,normal,-0.1996,False,
Node_9,2026-05-21 09:15:53,11,41.15,0.221,-63.7,229.2,packet_loss,-0.0349,True,Node_9 yüksek iletim gecikmesi nedeniyle paket kaybı riski taşıyor.
Node_8,2026-05-21 09:15:53,31,53.27,0.067,-48.7,9.1,normal,-0.1898,False,
Node_7,2026-05-21 09:15:53,25,41.57,0.078,-48.5,14.1,normal,-0.1656,False,
Node_6,2026-05-21 09:15:53,36,40.9,0.029,-61.2,21.7,normal,-0.1772,False,
Node_5,2026-05-21 09:15:53,25,63.55,0.044,-62.9,7.7,normal,-0.1889,False,
Node_4,2026-05-21 09:15:53,43,61.56,0.043,-52.0,19.1,normal,-0.1866,False,
Node_3,2026-05-21 09:15:53,44,58.12,0.027,-51.2,22.8,normal,-0.1783,False,
Node_2,2026-05-21 09:15:53,11,54.49,0.444,-75.5,73.9,communication_error,-0.0251,True,Node_2 yüksek hata oranı nedeniyle iletişim problemi olarak işaretlendi.
Node_1,2026-05-21 09:15:53,24,46.79,0.035,-48.4,9.0,normal,-0.1793,False,
Node_10,2026-05-21 09:16:13,27,66.16,0.077,-50.9,13.3,normal,-0.197,False,
Node_9,2026-05-21 09:16:13,11,41.01,0.165,-69.8,121.6,packet_loss,-0.0431,True,Node_9 yüksek iletim gecikmesi nedeniyle paket kaybı riski taşıyor.
Node_8,2026-05-21 09:16:13,21,53.2,0.038,-55.5,8.0,normal,-0.1881,False,
Node_7,2026-05-21 09:16:13,20,41.47,0.038,-52.0,16.5,normal,-0.1758,False,
Node_1,2026-05-21 09:16:13,41,46.56,0.023,-54.8,19.6,normal,-0.172,False,
Node_5,2026-05-21 09:16:13,22,63.38,0.039,-48.1,9.5,normal,-0.1935,False,
Node_4,2026-05-21 09:16:13,37,61.45,0.03,-61.2,11.0,normal,-0.1949,False,
Node_3,2026-05-21 09:16:13,339,57.92,0.074,-51.4,13.6,suspicious_activity,0.0176,True,Node_3 normalden fazla veri gönderdiği için şüpheli aktivite olarak işaretlendi.
Node_2,2026-05-21 09:16:13,20,54.25,0.456,-64.8,34.1,communication_error,-0.0929,True,Node_2 yüksek hata oranı nedeniyle iletişim problemi olarak işaretlendi.
Node_6,2026-05-21 09:16:13,0,23.75,0.833,-62.6,229.4,node_failure,0.0383,True,Node_6 düğüm arızası olasılığı nedeniyle riskli olarak işaretlendi.
Node_8,2026-05-21 09:16:33,41,52.98,0.064,-57.0,12.6,normal,-0.1882,False,
Node_10,2026-05-21 09:16:33,38,66.08,0.063,-58.4,17.3,normal,-0.1973,False,
Node_9,2026-05-21 09:16:33,13,40.82,0.239,-66.8,160.2,packet_loss,-0.0526,True,Node_9 yüksek iletim gecikmesi nedeniyle paket kaybı riski taşıyor.
Node_7,2026-05-21 09:16:33,25,41.3,0.05,-47.8,18.6,normal,-0.1712,False,
Node_1,2026-05-21 09:16:33,42,46.49,0.069,-54.7,14.0,normal,-0.183,False,
Node_5,2026-05-21 09:16:33,18,8.19,0.041,-57.0,46.9,energy_drop,-0.0769,True,Node_5 pil seviyesinde ani düşüş olduğu için enerji anomalisi tespit edildi.
Node_4,2026-05-21 09:16:33,28,61.25,0.069,-63.5,10.0,normal,-0.1939,False,
Node_3,2026-05-21 09:16:33,31,57.73,0.079,-46.4,21.1,normal,-0.1679,False,
Node_2,2026-05-21 09:16:33,31,54.16,0.468,-56.0,57.7,communication_error,-0.048,True,Node_2 yüksek hata oranı nedeniyle iletişim problemi olarak işaretlendi.
Node_6,2026-05-21 09:16:33,37,40.6,0.072,-49.6,9.8,normal,-0.1645,False,
Node_10,2026-05-21 09:16:53,42,65.85,0.062,-56.0,19.9,normal,-0.1918,False,
Node_9,2026-05-21 09:16:53,31,40.64,0.04,-62.9,13.1,normal,-0.1759,False,
Node_8,2026-05-21 09:16:53,38,52.79,0.059,-60.5,10.8,normal,-0.1884,False,
Node_7,2026-05-21 09:16:53,40,41.24,0.078,-61.2,5.5,normal,-0.1456,False,
Node_6,2026-05-21 09:16:53,2,23.5,0.765,-60.2,498.3,node_failure,0.0772,True,Node_6 düğüm arızası olasılığı nedeniyle riskli olarak işaretlendi.
Node_5,2026-05-21 09:16:53,29,7.78,0.056,-57.7,40.1,energy_drop,-0.0858,True,Node_5 pil seviyesinde ani düşüş olduğu için enerji anomalisi tespit edildi.
Node_4,2026-05-21 09:16:53,19,61.01,0.013,-60.1,11.7,normal,-0.178,False,
Node_3,2026-05-21 09:16:53,43,57.55,0.078,-61.5,21.7,normal,-0.1779,False,
Node_2,2026-05-21 09:16:53,29,53.94,0.026,-59.4,8.2,normal,-0.1858,False,
Node_1,2026-05-21 09:16:53,44,46.27,0.03,-54.8,17.8,normal,-0.1743,False,
Node_10,2026-05-21 09:17:13,25,65.65,0.08,-53.8,13.8,normal,-0.1964,False,
Node_9,2026-05-21 09:17:13,43,40.56,0.023,-63.5,16.6,normal,-0.1504,False,
Node_8,2026-05-21 09:17:13,33,52.66,0.028,-56.0,23.4,normal,-0.1956,False,
Node_7,2026-05-21 09:17:13,16,41.0,0.073,-47.9,13.3,normal,-0.1509,False,
Node_1,2026-05-21 09:17:13,43,46.22,0.03,-57.8,24.7,normal,-0.1622,False,
Node_5,2026-05-21 09:17:13,22,62.85,0.036,-54.8,13.5,normal,-0.2049,False,
Node_4,2026-05-21 09:17:13,28,60.95,0.03,-64.7,10.4,normal,-0.191,False,
Node_3,2026-05-21 09:17:13,280,57.41,0.087,-58.8,32.5,suspicious_activity,0.0018,True,Node_3 normalden fazla veri gönderdiği için şüpheli aktivite olarak işaretlendi.
Node_2,2026-05-21 09:17:13,39,53.88,0.035,-55.8,7.9,normal,-0.1765,False,
Node_6,2026-05-21 09:17:13,5,19.24,0.947,-63.3,358.4,node_failure,0.0629,True,Node_6 düğüm arızası olasılığı nedeniyle riskli olarak işaretlendi.
Node_8,2026-05-21 09:17:33,16,52.45,0.066,-51.4,18.5,normal,-0.1818,False,
Node_10,2026-05-21 09:17:33,22,65.51,0.069,-50.8,7.2,normal,-0.1912,False,
Node_9,2026-05-21 09:17:33,23,40.5,0.225,-63.8,124.8,packet_loss,-0.0701,True,Node_9 yüksek iletim gecikmesi nedeniyle paket kaybı riski taşıyor.
Node_7,2026-05-21 09:17:33,32,40.85,0.02,-62.9,25.0,normal,-0.1591,False,
Node_1,2026-05-21 09:17:33,42,46.03,0.061,-59.1,6.4,normal,-0.1608,False,
Node_5,2026-05-21 09:17:33,28,13.57,0.058,-59.8,29.0,energy_drop,-0.1092,True,Node_5 pil seviyesinde ani düşüş olduğu için enerji anomalisi tespit edildi.
Node_4,2026-05-21 09:17:33,45,60.83,0.032,-63.5,12.7,normal,-0.1746,False,
Node_3,2026-05-21 09:17:33,21,57.25,0.063,-52.0,23.1,normal,-0.1985,False,
Node_2,2026-05-21 09:17:33,30,53.7,0.399,-79.2,55.5,communication_error,-0.0007,True,Node_2 yüksek hata oranı nedeniyle iletişim problemi olarak işaretlendi.
Node_6,2026-05-21 09:17:33,5,24.86,0.763,-70.0,495.4,node_failure,0.0781,True,Node_6 düğüm arızası olasılığı nedeniyle riskli olarak işaretlendi.
Node_10,2026-05-21 09:17:53,20,65.38,0.072,-46.0,18.2,normal,-0.1682,False,
Node_9,2026-05-21 09:17:53,33,40.44,0.074,-64.3,11.6,normal,-0.1719,False,
Node_8,2026-05-21 09:17:53,44,52.24,0.047,-45.1,15.3,normal,-0.1296,False,
Node_7,2026-05-21 09:17:53,36,40.79,0.071,-55.1,15.7,normal,-0.1855,False,
Node_6,2026-05-21 09:17:53,3,37.27,0.806,-50.4,253.1,node_failure,0.0431,True,Node_6 düğüm arızası olasılığı nedeniyle riskli olarak işaretlendi.
Node_4,2026-05-21 09:17:53,43,60.64,0.073,-52.0,15.3,normal,-0.1834,False,
Node_3,2026-05-21 09:17:53,31,57.1,0.057,-47.1,9.1,normal,-0.1863,False,
Node_2,2026-05-21 09:17:53,16,53.48,0.586,-74.0,59.3,communication_error,-0.0393,True,Node_2 yüksek hata oranı nedeniyle iletişim problemi olarak işaretlendi.
Node_1,2026-05-21 09:17:53,36,45.89,0.032,-59.5,10.0,normal,-0.1754,False,
Node_5,2026-05-21 09:17:53,12,12.23,0.042,-79.2,37.0,energy_drop,0.0059,True,Node_5 pil seviyesinde ani düşüş olduğu için enerji anomalisi tespit edildi.
Node_8,2026-05-21 09:18:13,18,52.19,0.068,-58.5,6.0,normal,-0.1751,False,
Node_10,2026-05-21 09:18:13,39,65.18,0.02,-46.0,23.1,normal,-0.1394,False,
Node_9,2026-05-21 09:18:13,21,40.29,0.285,-71.1,155.3,packet_loss,-0.0276,True,Node_9 yüksek iletim gecikmesi nedeniyle paket kaybı riski taşıyor.
Node_7,2026-05-21 09:18:13,27,40.73,0.024,-46.4,23.5,normal,-0.1419,False,
Node_4,2026-05-21 09:18:13,21,60.41,0.056,-57.1,12.5,normal,-0.2011,False,
Node_5,2026-05-21 09:18:13,32,62.26,0.058,-63.0,20.2,normal,-0.1976,False,
Node_6,2026-05-21 09:18:13,5,16.25,0.658,-63.2,402.3,node_failure,0.0517,True,Node_6 düğüm arızası olasılığı nedeniyle riskli olarak işaretlendi.
Node_3,2026-05-21 09:18:13,239,57.05,0.077,-60.3,11.8,suspicious_activity,-0.0373,True,Node_3 normalden fazla veri gönderdiği için şüpheli aktivite olarak işaretlendi.
Node_2,2026-05-21 09:18:13,18,53.31,0.049,-45.4,24.4,normal,-0.143,False,
Node_1,2026-05-21 09:18:13,24,45.84,0.053,-57.0,17.0,normal,-0.1939,False,
Node_10,2026-05-21 09:18:33,38,65.05,0.046,-45.3,11.4,normal,-0.1471,False,
Node_9,2026-05-21 09:18:33,39,40.09,0.067,-47.3,13.1,normal,-0.154,False,
Node_8,2026-05-21 09:18:33,20,52.07,0.03,-45.5,18.5,normal,-0.1594,False,
Node_7,2026-05-21 09:18:33,27,40.64,0.078,-75.8,9.8,node_silence,-0.0931,True,Node_7 uzun süre veri göndermediği için sessizlik anomalisi oluştu.
Node_6,2026-05-21 09:18:33,1,36.41,0.673,-62.7,274.5,node_failure,0.0101,True,Node_6 düğüm arızası olasılığı nedeniyle riskli olarak işaretlendi.
Node_5,2026-05-21 09:18:33,15,62.03,0.032,-53.0,23.6,normal,-0.174,False,
Node_4,2026-05-21 09:18:33,28,60.26,0.058,-51.3,10.6,normal,-0.2044,False,
Node_3,2026-05-21 09:18:33,30,56.89,0.064,-45.1,19.0,normal,-0.157,False,
Node_2,2026-05-21 09:18:33,16,53.09,0.494,-75.4,54.8,communication_error,-0.0476,True,Node_2 yüksek hata oranı nedeniyle iletişim problemi olarak işaretlendi.
Node_1,2026-05-21 09:18:33,41,45.69,0.028,-59.9,6.1,normal,-0.1505,False,
Node_10,2026-05-21 09:18:53,22,64.87,0.037,-53.5,6.4,normal,-0.1836,False,
Node_9,2026-05-21 09:18:53,14,39.92,0.151,-67.6,209.7,packet_loss,-0.0406,True,Node_9 yüksek iletim gecikmesi nedeniyle paket kaybı riski taşıyor.
Node_8,2026-05-21 09:18:53,33,51.83,0.028,-57.9,10.8,normal,-0.1942,False,
Node_7,2026-05-21 09:18:53,45,40.5,0.029,-57.4,20.4,normal,-0.1558,False,
Node_1,2026-05-21 09:18:53,38,45.44,0.016,-64.8,21.6,normal,-0.157,False,
Node_5,2026-05-21 09:18:53,24,61.82,0.073,-63.5,21.1,normal,-0.1967,False,
Node_4,2026-05-21 09:18:53,16,60.02,0.062,-49.5,14.0,normal,-0.183,False,
Node_3,2026-05-21 09:18:53,45,56.65,0.043,-50.6,6.1,normal,-0.1608,False,
Node_2,2026-05-21 09:18:53,29,53.02,0.06,-45.9,12.6,normal,-0.1683,False,
Node_6,2026-05-21 09:18:53,5,22.39,0.82,-69.9,378.2,node_failure,0.0492,True,Node_6 düğüm arızası olasılığı nedeniyle riskli olarak işaretlendi.
Node_8,2026-05-21 09:19:13,29,51.68,0.057,-55.7,15.0,normal,-0.2007,False,
Node_10,2026-05-21 09:19:13,36,64.74,0.061,-51.5,7.5,normal,-0.1903,False,
Node_9,2026-05-21 09:19:13,19,39.79,0.039,-58.6,20.3,normal,-0.1792,False,
Node_7,2026-05-21 09:19:13,29,40.34,0.079,-64.9,8.9,normal,-0.1553,False,
Node_1,2026-05-21 09:19:13,23,45.36,0.078,-49.3,23.3,normal,-0.1774,False,
Node_5,2026-05-21 09:19:13,19,61.67,0.04,-56.1,11.9,normal,-0.1967,False,
Node_4,2026-05-21 09:19:13,16,59.8,0.052,-52.8,12.0,normal,-0.1847,False,
Node_3,2026-05-21 09:19:13,29,56.53,0.052,-64.0,21.9,normal,-0.1987,False,
Node_2,2026-05-21 09:19:13,37,52.84,0.042,-63.8,12.2,normal,-0.1875,False,
Node_6,2026-05-21 09:19:13,22,39.31,0.036,-62.3,6.3,normal,-0.1635,False,
Node_10,2026-05-21 09:19:33,32,64.58,0.034,-63.9,10.0,normal,-0.1861,False,
Node_9,2026-05-21 09:19:33,40,39.57,0.077,-48.9,12.2,normal,-0.1521,False,
Node_8,2026-05-21 09:19:33,37,51.49,0.039,-57.9,6.1,normal,-0.1725,False,
Node_7,2026-05-21 09:19:33,29,40.19,0.029,-52.5,6.5,normal,-0.1562,False,
Node_6,2026-05-21 09:19:33,5,18.84,0.904,-67.2,391.1,node_failure,0.0629,True,Node_6 düğüm arızası olasılığı nedeniyle riskli olarak işaretlendi.
Node_4,2026-05-21 09:19:33,19,59.6,0.067,-59.7,14.8,normal,-0.1942,False,
Node_3,2026-05-21 09:19:33,24,56.47,0.039,-48.1,11.4,normal,-0.1994,False,
Node_2,2026-05-21 09:19:33,28,52.69,0.466,-76.2,77.1,communication_error,-0.0341,True,Node_2 yüksek hata oranı nedeniyle iletişim problemi olarak işaretlendi.
Node_1,2026-05-21 09:19:33,40,45.27,0.029,-54.7,14.4,normal,-0.1773,False,
Node_5,2026-05-21 09:19:33,35,61.61,0.073,-58.1,5.0,normal,-0.1767,False,
Node_8,2026-05-21 09:19:53,29,51.26,0.029,-60.7,11.6,normal,-0.191,False,
Node_10,2026-05-21 09:19:53,37,64.38,0.021,-47.4,12.9,normal,-0.1707,False,
Node_9,2026-05-21 09:19:53,25,39.41,0.02,-56.0,6.2,normal,-0.1417,False,
Node_7,2026-05-21 09:19:53,36,40.0,0.019,-56.0,13.0,normal,-0.1645,False,
Node_1,2026-05-21 09:19:53,17,45.04,0.059,-63.1,10.4,normal,-0.1693,False,
Node_5,2026-05-21 09:19:53,14,12.35,0.039,-58.3,42.8,energy_drop,-0.0813,True,Node_5 pil seviyesinde ani düşüş olduğu için enerji anomalisi tespit edildi.
Node_2,2026-05-21 09:19:53,25,52.46,0.397,-79.2,70.8,communication_error,-0.0113,True,Node_2 yüksek hata oranı nedeniyle iletişim problemi olarak işaretlendi.
Node_6,2026-05-21 09:19:53,29,39.05,0.02,-64.4,10.2,normal,-0.1552,False,
Node_4,2026-05-21 09:19:53,37,59.41,0.022,-49.3,6.2,normal,-0.1648,False,
Node_3,2026-05-21 09:19:53,32,56.33,0.067,-51.7,24.5,normal,-0.1979,False,
Node_1,2026-05-21 09:20:13,42,44.86,0.065,-48.2,21.1,normal,-0.165,False,
Node_2,2026-05-21 09:20:13,35,52.28,0.695,-51.2,35.5,communication_error,-0.0039,True,Node_2 yüksek hata oranı nedeniyle iletişim problemi olarak işaretlendi.
Node_3,2026-05-21 09:20:13,15,56.24,0.021,-52.3,14.4,normal,-0.1676,False,
Node_4,2026-05-21 09:20:13,28,59.34,0.058,-62.3,23.1,normal,-0.2042,False,
Node_5,2026-05-21 09:20:13,23,10.69,0.071,-62.8,17.8,energy_drop,-0.1109,True,Node_5 pil seviyesinde ani düşüş olduğu için enerji anomalisi tespit edildi.
Node_7,2026-05-21 09:20:13,27,39.78,0.1,-54.8,20.7,node_silence,-0.162,True,Node_7 uzun süre veri göndermediği için sessizlik anomalisi oluştu.
Node_8,2026-05-21 09:20:13,45,51.08,0.011,-47.2,15.0,normal,-0.1318,False,
Node_9,2026-05-21 09:20:13,45,39.28,0.041,-60.2,22.8,normal,-0.149,False,
Node_10,2026-05-21 09:20:13,28,64.32,0.016,-51.9,14.9,normal,-0.1873,False,
Node_6,2026-05-21 09:20:13,37,38.96,0.029,-54.2,20.1,normal,-0.1747,False,
Node_7,2026-05-21 09:20:33,41,39.67,0.069,-59.4,12.4,normal,-0.1688,False,
Node_10,2026-05-21 09:20:33,38,64.11,0.027,-64.8,16.4,normal,-0.175,False,
Node_9,2026-05-21 09:20:33,36,39.09,0.061,-60.3,17.2,normal,-0.172,False,
Node_8,2026-05-21 09:20:33,32,50.91,0.03,-47.5,20.2,normal,-0.183,False,
Node_6,2026-05-21 09:20:33,1,38.68,0.679,-69.8,457.5,node_failure,0.0666,True,Node_6 düğüm arızası olasılığı nedeniyle riskli olarak işaretlendi.
Node_4,2026-05-21 09:20:33,36,59.12,0.072,-47.9,21.3,normal,-0.1852,False,
Node_3,2026-05-21 09:20:33,305,56.0,0.094,-51.6,21.3,suspicious_activity,0.0064,True,Node_3 normalden fazla veri gönderdiği için şüpheli aktivite olarak işaretlendi.
Node_2,2026-05-21 09:20:33,14,52.04,0.468,-59.2,49.9,communication_error,-0.079,True,Node_2 yüksek hata oranı nedeniyle iletişim problemi olarak işaretlendi.
Node_1,2026-05-21 09:20:33,26,44.69,0.051,-47.7,11.2,normal,-0.1804,False,
Node_5,2026-05-21 09:20:33,28,5.67,0.055,-79.2,34.0,energy_drop,-0.0054,True,Node_5 pil seviyesinde ani düşüş olduğu için enerji anomalisi tespit edildi.
Node_10,2026-05-21 09:20:53,31,63.96,0.037,-60.6,24.8,normal,-0.1909,False,
Node_9,2026-05-21 09:20:53,21,38.86,0.341,-68.3,206.8,packet_loss,-0.0193,True,Node_9 yüksek iletim gecikmesi nedeniyle paket kaybı riski taşıyor.
Node_8,2026-05-21 09:20:53,20,50.74,0.031,-48.0,6.5,normal,-0.1687,False,
Node_7,2026-05-21 09:20:53,24,39.61,0.05,-55.3,29.2,node_silence,-0.1673,True,Node_7 uzun süre veri göndermediği için sessizlik anomalisi oluştu.
Node_6,2026-05-21 09:20:53,39,38.68,0.075,-55.9,17.5,normal,-0.1682,False,
Node_4,2026-05-21 09:20:53,32,58.95,0.012,-61.2,13.1,normal,-0.1763,False,
Node_3,2026-05-21 09:20:53,37,55.83,0.073,-45.1,15.5,normal,-0.1457,False,
Node_2,2026-05-21 09:20:53,10,51.95,0.532,-68.6,72.9,communication_error,-0.0442,True,Node_2 yüksek hata oranı nedeniyle iletişim problemi olarak işaretlendi.
Node_1,2026-05-21 09:20:53,31,44.52,0.01,-63.6,12.7,normal,-0.1528,False,
Node_5,2026-05-21 09:20:53,40,61.2,0.054,-45.4,11.1,normal,-0.1482,False,
Node_10,2026-05-21 09:21:13,16,63.78,0.058,-63.4,7.9,normal,-0.174,False,
Node_7,2026-05-21 09:21:13,35,39.46,0.022,-45.6,16.2,normal,-0.1215,False,
Node_8,2026-05-21 09:21:13,39,50.57,0.022,-56.6,13.9,normal,-0.1787,False,
Node_6,2026-05-21 09:21:13,5,11.35,0.664,-78.3,238.8,node_failure,0.0537,True,Node_6 düğüm arızası olasılığı nedeniyle riskli olarak işaretlendi.
Node_9,2026-05-21 09:21:13,16,38.78,0.271,-65.4,162.2,packet_loss,-0.0576,True,Node_9 yüksek iletim gecikmesi nedeniyle paket kaybı riski taşıyor.
Node_4,2026-05-21 09:21:13,37,58.72,0.042,-62.2,23.8,normal,-0.1916,False,
Node_3,2026-05-21 09:21:13,26,55.64,0.018,-58.6,7.0,normal,-0.1784,False,
Node_2,2026-05-21 09:21:13,15,51.8,0.553,-67.4,43.0,communication_error,-0.0708,True,Node_2 yüksek hata oranı nedeniyle iletişim problemi olarak işaretlendi.
Node_1,2026-05-21 09:21:13,36,44.44,0.053,-62.9,5.4,normal,-0.1596,False,
Node_5,2026-05-21 09:21:13,30,14.64,0.023,-78.0,27.9,energy_drop,-0.0334,True,Node_5 pil seviyesinde ani düşüş olduğu için enerji anomalisi tespit edildi.
Node_10,2026-05-21 09:21:33,23,63.69,0.057,-57.3,13.0,normal,-0.2071,False,
Node_9,2026-05-21 09:21:33,12,38.71,0.208,-50.9,184.4,packet_loss,-0.0215,True,Node_9 yüksek iletim gecikmesi nedeniyle paket kaybı riski taşıyor.
Node_8,2026-05-21 09:21:33,43,50.43,0.073,-50.1,6.5,normal,-0.1616,False,
Node_7,2026-05-21 09:21:33,44,39.34,0.045,-54.7,6.7,normal,-0.146,False,
Node_6,2026-05-21 09:21:33,38,38.33,0.067,-64.9,22.9,normal,-0.1627,False,
Node_5,2026-05-21 09:21:33,13,14.4,0.083,-59.4,30.2,energy_drop,-0.0796,True,Node_5 pil seviyesinde ani düşüş olduğu için enerji anomalisi tespit edildi.
Node_4,2026-05-21 09:21:33,37,58.47,0.042,-63.9,9.7,normal,-0.184,False,
Node_3,2026-05-21 09:21:33,279,55.55,0.071,-52.4,30.1,suspicious_activity,-0.0083,True,Node_3 normalden fazla veri gönderdiği için şüpheli aktivite olarak işaretlendi.
Node_2,2026-05-21 09:21:33,18,51.73,0.499,-74.1,75.8,communication_error,-0.0521,True,Node_2 yüksek hata oranı nedeniyle iletişim problemi olarak işaretlendi.
Node_1,2026-05-21 09:21:33,40,44.35,0.06,-45.4,9.3,normal,-0.1274,False,
Node_10,2026-05-21 09:21:53,44,63.55,0.046,-49.0,10.6,normal,-0.1803,False,
Node_9,2026-05-21 09:21:53,33,38.62,0.079,-62.7,22.5,normal,-0.1691,False,
Node_8,2026-05-21 09:21:53,38,50.37,0.066,-46.1,24.6,normal,-0.1468,False,
Node_7,2026-05-21 09:21:53,36,39.11,0.068,-61.6,15.6,normal,-0.1776,False,
Node_1,2026-05-21 09:21:53,24,44.21,0.033,-55.7,7.7,normal,-0.1794,False,
Node_5,2026-05-21 09:21:53,42,60.58,0.075,-56.9,22.2,normal,-0.1847,False,
Node_4,2026-05-21 09:21:53,18,58.29,0.05,-63.8,14.7,normal,-0.1871,False,
Node_3,2026-05-21 09:21:53,33,55.38,0.079,-55.8,17.2,normal,-0.1971,False,
Node_2,2026-05-21 09:21:53,32,51.65,0.02,-52.4,17.1,normal,-0.1834,False,
Node_6,2026-05-21 09:21:53,1,31.12,0.786,-74.6,303.9,node_failure,0.0377,True,Node_6 düğüm arızası olasılığı nedeniyle riskli olarak işaretlendi.
Node_8,2026-05-21 09:22:13,41,50.31,0.079,-50.4,11.4,normal,-0.1758,False,
Node_10,2026-05-21 09:22:13,35,63.45,0.051,-65.0,13.3,normal,-0.1872,False,
Node_9,2026-05-21 09:22:13,21,38.42,0.239,-70.3,273.5,packet_loss,0.0054,True,Node_9 yüksek iletim gecikmesi nedeniyle paket kaybı riski taşıyor.
Node_7,2026-05-21 09:22:13,27,38.95,0.064,-62.4,20.3,node_silence,-0.1862,True,Node_7 uzun süre veri göndermediği için sessizlik anomalisi oluştu.
Node_6,2026-05-21 09:22:13,3,10.71,0.815,-72.9,393.3,node_failure,0.073,True,Node_6 düğüm arızası olasılığı nedeniyle riskli olarak işaretlendi.
Node_5,2026-05-21 09:22:13,40,60.47,0.038,-53.9,18.3,normal,-0.1957,False,
Node_4,2026-05-21 09:22:13,23,58.23,0.075,-47.5,6.9,normal,-0.1683,False,
Node_3,2026-05-21 09:22:13,15,55.28,0.063,-53.8,9.9,normal,-0.1732,False,
Node_2,2026-05-21 09:22:13,25,51.47,0.052,-52.3,11.9,normal,-0.1985,False,
Node_1,2026-05-21 09:22:13,18,44.11,0.01,-47.9,13.3,normal,-0.1375,False,
Node_10,2026-05-21 09:22:33,20,63.21,0.025,-58.1,16.6,normal,-0.1968,False,
Node_9,2026-05-21 09:22:33,34,38.34,0.027,-46.2,22.8,normal,-0.133,False,
Node_8,2026-05-21 09:22:33,20,50.13,0.022,-49.7,18.2,normal,-0.1862,False,
Node_7,2026-05-21 09:22:33,36,38.8,0.056,-56.2,20.2,node_silence,-0.1814,True,Node_7 uzun süre veri göndermediği için sessizlik anomalisi oluştu.
Node_6,2026-05-21 09:22:33,3,18.08,0.678,-59.2,433.9,node_failure,0.0592,True,Node_6 düğüm arızası olasılığı nedeniyle riskli olarak işaretlendi.
Node_5,2026-05-21 09:22:33,16,60.25,0.031,-50.5,14.2,normal,-0.1837,False,
Node_4,2026-05-21 09:22:33,29,58.15,0.035,-48.7,20.3,normal,-0.1987,False,
Node_3,2026-05-21 09:22:33,25,55.14,0.028,-51.8,10.8,normal,-0.1981,False,
Node_2,2026-05-21 09:22:33,17,51.37,0.594,-70.1,68.9,communication_error,-0.0533,True,Node_2 yüksek hata oranı nedeniyle iletişim problemi olarak işaretlendi.
Node_1,2026-05-21 09:22:33,30,44.06,0.073,-61.2,23.9,normal,-0.1865,False,
Node_10,2026-05-21 09:22:53,22,63.07,0.057,-57.4,10.0,normal,-0.2008,False,
Node_9,2026-05-21 09:22:53,11,38.12,0.31,-63.8,124.5,packet_loss,-0.0416,True,Node_9 yüksek iletim gecikmesi nedeniyle paket kaybı riski taşıyor.
Node_8,2026-05-21 09:22:53,45,50.07,0.043,-62.0,14.6,normal,-0.1716,False,
Node_7,2026-05-21 09:22:53,28,38.64,0.057,-53.9,5.3,node_silence,-0.1596,True,Node_7 uzun süre veri göndermediği için sessizlik anomalisi oluştu.
Node_1,2026-05-21 09:22:53,33,43.94,0.033,-65.0,22.1,normal,-0.1739,False,
Node_5,2026-05-21 09:22:53,30,60.2,0.051,-61.8,9.7,normal,-0.1994,False,
Node_4,2026-05-21 09:22:53,24,58.04,0.059,-55.0,21.3,normal,-0.2036,False,
Node_3,2026-05-21 09:22:53,223,54.91,0.089,-76.7,34.4,suspicious_activity,0.038,True,Node_3 normalden fazla veri gönderdiği için şüpheli aktivite olarak işaretlendi.
Node_2,2026-05-21 09:22:53,26,51.22,0.732,-54.7,38.0,communication_error,-0.0054,True,Node_2 yüksek hata oranı nedeniyle iletişim problemi olarak işaretlendi.
Node_6,2026-05-21 09:22:53,20,38.0,0.057,-52.8,24.4,normal,-0.1653,False,
Node_8,2026-05-21 09:23:13,39,49.99,0.031,-58.2,18.4,normal,-0.187,False,
Node_10,2026-05-21 09:23:13,28,62.93,0.04,-51.1,21.1,normal,-0.2043,False,
Node_9,2026-05-21 09:23:13,18,37.94,0.289,-67.9,152.9,packet_loss,-0.0548,True,Node_9 yüksek iletim gecikmesi nedeniyle paket kaybı riski taşıyor.
Node_7,2026-05-21 09:23:13,34,38.5,0.048,-45.6,22.2,normal,-0.1316,False,
Node_6,2026-05-21 09:23:13,33,37.94,0.028,-61.7,17.1,normal,-0.1701,False,
Node_5,2026-05-21 09:23:13,24,13.34,0.081,-52.1,42.7,energy_drop,-0.0769,True,Node_5 pil seviyesinde ani düşüş olduğu için enerji anomalisi tespit edildi.
Node_4,2026-05-21 09:23:13,34,57.85,0.07,-48.3,21.1,normal,-0.1949,False,
Node_3,2026-05-21 09:23:13,22,54.73,0.032,-46.8,8.9,normal,-0.1756,False,
Node_2,2026-05-21 09:23:13,25,50.97,0.072,-60.7,8.5,normal,-0.1889,False,
Node_1,2026-05-21 09:23:13,24,43.69,0.03,-57.0,19.6,normal,-0.188,False,
Node_10,2026-05-21 09:23:33,24,62.87,0.067,-46.5,10.1,normal,-0.175,False,
Node_9,2026-05-21 09:23:33,36,37.89,0.051,-55.9,14.3,normal,-0.1754,False,
Node_8,2026-05-21 09:23:33,18,49.79,0.07,-47.3,12.3,normal,-0.1661,False,
Node_7,2026-05-21 09:23:33,30,38.35,0.079,-67.9,18.1,node_silence,-0.1483,True,Node_7 uzun süre veri göndermediği için sessizlik anomalisi oluştu.
Node_6,2026-05-21 09:23:33,20,37.8,0.032,-45.1,18.5,normal,-0.1163,False,
Node_5,2026-05-21 09:23:33,18,59.74,0.024,-51.3,6.2,normal,-0.1668,False,
Node_4,2026-05-21 09:23:33,15,57.76,0.044,-53.3,19.2,normal,-0.1779,False,
Node_3,2026-05-21 09:23:33,29,54.5,0.074,-55.8,21.7,normal,-0.2024,False,
Node_2,2026-05-21 09:23:33,21,50.88,0.056,-51.9,21.0,normal,-0.1962,False,
Node_1,2026-05-21 09:23:33,16,43.5,0.051,-56.7,6.1,normal,-0.1553,False,
Node_10,2026-05-21 09:23:53,24,62.81,0.017,-48.9,12.5,normal,-0.1809,False,
Node_9,2026-05-21 09:23:53,25,37.77,0.304,-68.5,204.1,packet_loss,-0.0194,True,Node_9 yüksek iletim gecikmesi nedeniyle paket kaybı riski taşıyor.
Node_8,2026-05-21 09:23:53,42,49.68,0.014,-58.4,20.1,normal,-0.1678,False,
Node_7,2026-05-21 09:23:53,35,38.27,0.019,-59.7,10.4,normal,-0.1545,False,
Node_1,2026-05-21 09:23:53,43,43.3,0.023,-60.3,15.7,normal,-0.1572,False,
Node_5,2026-05-21 09:23:53,27,59.54,0.055,-57.1,20.5,normal,-0.2051,False,
Node_4,2026-05-21 09:23:53,45,57.64,0.02,-60.5,22.4,normal,-0.1618,False,
Node_3,2026-05-21 09:23:53,282,54.27,0.058,-59.5,23.9,suspicious_activity,-0.0197,True,Node_3 normalden fazla veri gönderdiği için şüpheli aktivite olarak işaretlendi.
Node_2,2026-05-21 09:23:53,30,50.72,0.386,-57.6,54.8,communication_error,-0.0783,True,Node_2 yüksek hata oranı nedeniyle iletişim problemi olarak işaretlendi.
Node_6,2026-05-21 09:23:53,3,26.85,0.745,-50.1,389.9,node_failure,0.0617,True,Node_6 düğüm arızası olasılığı nedeniyle riskli olarak işaretlendi.
Node_8,2026-05-21 09:24:13,19,49.56,0.027,-62.9,10.3,normal,-0.1773,False,
Node_10,2026-05-21 09:24:13,31,62.65,0.012,-50.5,18.0,normal,-0.1788,False,
Node_9,2026-05-21 09:24:13,10,37.55,0.251,-65.9,203.2,packet_loss,-0.0395,True,Node_9 yüksek iletim gecikmesi nedeniyle paket kaybı riski taşıyor.
Node_7,2026-05-21 09:24:13,32,38.17,0.06,-65.6,29.1,node_silence,-0.146,True,Node_7 uzun süre veri göndermediği için sessizlik anomalisi oluştu.
Node_6,2026-05-21 09:24:13,16,37.49,0.053,-61.3,24.3,normal,-0.1572,False,
Node_5,2026-05-21 09:24:13,23,14.86,0.09,-71.2,16.3,energy_drop,-0.0684,True,Node_5 pil seviyesinde ani düşüş olduğu için enerji anomalisi tespit edildi.
Node_4,2026-05-21 09:24:13,45,57.41,0.062,-60.9,24.9,normal,-0.169,False,
Node_3,2026-05-21 09:24:13,19,54.02,0.03,-48.3,19.5,normal,-0.1886,False,
Node_2,2026-05-21 09:24:13,15,50.53,0.39,-71.4,73.5,communication_error,-0.0564,True,Node_2 yüksek hata oranı nedeniyle iletişim problemi olarak işaretlendi.
Node_1,2026-05-21 09:24:13,30,43.19,0.031,-63.2,12.0,normal,-0.1806,False,
Node_10,2026-05-21 09:24:33,43,62.44,0.023,-51.2,18.3,normal,-0.1813,False,
Node_9,2026-05-21 09:24:33,18,37.47,0.059,-48.4,23.5,normal,-0.1518,False,
Node_8,2026-05-21 09:24:33,38,49.47,0.05,-63.8,19.0,normal,-0.1829,False,
Node_7,2026-05-21 09:24:33,15,38.06,0.077,-48.7,10.7,normal,-0.1397,False,
Node_6,2026-05-21 09:24:33,3,39.71,0.854,-55.0,253.9,node_failure,0.0317,True,Node_6 düğüm arızası olasılığı nedeniyle riskli olarak işaretlendi.
Node_5,2026-05-21 09:24:33,23,13.64,0.021,-59.1,34.5,energy_drop,-0.0965,True,Node_5 pil seviyesinde ani düşüş olduğu için enerji anomalisi tespit edildi.
Node_4,2026-05-21 09:24:33,44,57.34,0.025,-57.4,8.7,normal,-0.1722,False,
Node_3,2026-05-21 09:24:33,38,53.85,0.069,-61.8,13.2,normal,-0.1959,False,
Node_2,2026-05-21 09:24:33,17,50.44,0.73,-55.8,59.1,communication_error,-0.0109,True,Node_2 yüksek hata oranı nedeniyle iletişim problemi olarak işaretlendi.
Node_1,2026-05-21 09:24:33,25,43.13,0.032,-64.2,15.8,normal,-0.1748,False,
Node_10,2026-05-21 09:24:53,22,62.2,0.038,-53.9,24.2,normal,-0.2013,False,
Node_9,2026-05-21 09:24:53,29,37.27,0.032,-52.4,15.1,normal,-0.1701,False,
Node_8,2026-05-21 09:24:53,36,49.24,0.054,-60.4,14.0,normal,-0.1905,False,
Node_7,2026-05-21 09:24:53,29,37.9,0.049,-51.0,8.2,normal,-0.1652,False,
Node_1,2026-05-21 09:24:53,34,43.04,0.021,-46.8,21.0,normal,-0.1423,False,
Node_5,2026-05-21 09:24:53,20,59.01,0.027,-51.0,22.3,normal,-0.1949,False,
Node_4,2026-05-21 09:24:53,19,57.23,0.038,-59.0,18.1,normal,-0.1939,False,
Node_3,2026-05-21 09:24:53,18,53.77,0.056,-55.0,14.6,normal,-0.1924,False,
Node_2,2026-05-21 09:24:53,28,50.21,0.565,-64.8,54.3,communication_error,-0.0623,True,Node_2 yüksek hata oranı nedeniyle iletişim problemi olarak işaretlendi.
Node_6,2026-05-21 09:24:53,3,33.01,0.601,-73.7,337.2,node_failure,0.0222,True,Node_6 düğüm arızası olasılığı nedeniyle riskli olarak işaretlendi.
Node_8,2026-05-21 09:25:13,37,49.16,0.04,-51.9,9.7,normal,-0.1786,False,
Node_10,2026-05-21 09:25:13,38,62.0,0.062,-47.9,6.5,normal,-0.1685,False,
Node_9,2026-05-21 09:25:13,29,37.1,0.063,-47.0,6.9,normal,-0.1416,False,
Node_7,2026-05-21 09:25:13,25,37.81,0.048,-49.6,6.3,normal,-0.1534,False,
Node_6,2026-05-21 09:25:13,23,36.92,0.045,-48.4,20.1,normal,-0.1638,False,
Node_5,2026-05-21 09:25:13,29,58.89,0.044,-50.3,12.2,normal,-0.2008,False,
Node_4,2026-05-21 09:25:13,29,57.18,0.045,-53.5,8.9,normal,-0.1968,False,
Node_3,2026-05-21 09:25:13,40,53.68,0.043,-61.9,9.6,normal,-0.1793,False,
Node_2,2026-05-21 09:25:13,18,50.13,0.388,-62.7,62.7,communication_error,-0.0939,True,Node_2 yüksek hata oranı nedeniyle iletişim problemi olarak işaretlendi.
Node_1,2026-05-21 09:25:13,42,42.86,0.011,-55.1,10.1,normal,-0.1384,False,
Node_10,2026-05-21 09:25:33,32,61.78,0.011,-48.3,14.5,normal,-0.1693,False,
Node_9,2026-05-21 09:25:33,28,37.01,0.074,-59.9,5.4,normal,-0.158,False,
Node_8,2026-05-21 09:25:33,36,48.98,0.022,-57.5,19.5,normal,-0.1878,False,
Node_7,2026-05-21 09:25:33,40,37.73,0.049,-47.2,23.9,normal,-0.1444,False,
Node_6,2026-05-21 09:25:33,32,36.72,0.045,-45.4,17.0,normal,-0.1262,False,
Node_5,2026-05-21 09:25:33,20,58.83,0.055,-59.6,5.2,normal,-0.1763,False,
Node_4,2026-05-21 09:25:33,42,57.06,0.034,-63.3,9.3,normal,-0.1747,False,
Node_3,2026-05-21 09:25:33,19,53.44,0.08,-61.8,14.9,normal,-0.1871,False,
Node_2,2026-05-21 09:25:33,13,49.91,0.524,-53.3,48.8,communication_error,-0.0382,True,Node_2 yüksek hata oranı nedeniyle iletişim problemi olarak işaretlendi.
Node_1,2026-05-21 09:25:33,39,42.63,0.07,-65.0,12.7,normal,-0.1654,False,
Node_10,2026-05-21 09:25:53,21,61.67,0.073,-55.3,7.6,normal,-0.1879,False,
Node_9,2026-05-21 09:25:53,24,36.95,0.244,-54.7,161.3,packet_loss,-0.0314,True,Node_9 yüksek iletim gecikmesi nedeniyle paket kaybı riski taşıyor.
Node_8,2026-05-21 09:25:53,26,48.81,0.047,-50.4,16.5,normal,-0.1981,False,
Node_7,2026-05-21 09:25:53,36,37.61,0.035,-60.7,14.8,normal,-0.167,False,
Node_1,2026-05-21 09:25:53,37,42.41,0.056,-48.3,22.6,normal,-0.1649,False,
Node_5,2026-05-21 09:25:53,20,5.07,0.084,-71.0,26.3,energy_drop,-0.0606,True,Node_5 pil seviyesinde ani düşüş olduğu için enerji anomalisi tespit edildi.
Node_4,2026-05-21 09:25:53,17,56.86,0.024,-49.6,19.0,normal,-0.1823,False,
Node_3,2026-05-21 09:25:53,41,53.27,0.06,-60.2,8.8,normal,-0.1761,False,
Node_2,2026-05-21 09:25:53,36,49.76,0.037,-54.3,14.2,normal,-0.1963,False,
Node_6,2026-05-21 09:25:53,3,26.92,0.678,-62.0,332.3,node_failure,0.0113,True,Node_6 düğüm arızası olasılığı nedeniyle riskli olarak işaretlendi.
Node_8,2026-05-21 09:26:13,33,48.63,0.052,-53.7,23.6,normal,-0.1933,False,
Node_10,2026-05-21 09:26:13,43,61.58,0.037,-58.0,23.4,normal,-0.1841,False,
Node_9,2026-05-21 09:26:13,25,36.7,0.032,-60.9,5.3,normal,-0.1511,False,
Node_7,2026-05-21 09:26:13,45,37.53,0.076,-54.2,12.3,normal,-0.1508,False,
Node_6,2026-05-21 09:26:13,4,31.23,0.683,-57.7,220.3,node_failure,0.0048,True,Node_6 düğüm arızası olasılığı nedeniyle riskli olarak işaretlendi.
Node_5,2026-05-21 09:26:13,20,14.03,0.079,-56.1,49.7,energy_drop,-0.0685,True,Node_5 pil seviyesinde ani düşüş olduğu için enerji anomalisi tespit edildi.
Node_4,2026-05-21 09:26:13,32,56.79,0.061,-63.4,8.7,normal,-0.1908,False,
Node_3,2026-05-21 09:26:13,45,53.22,0.015,-62.2,16.1,normal,-0.1539,False,
Node_2,2026-05-21 09:26:13,30,49.57,0.019,-60.2,24.9,normal,-0.1703,False,
Node_1,2026-05-21 09:26:13,34,42.31,0.016,-50.9,23.5,normal,-0.1584,False,
Node_10,2026-05-21 09:26:33,15,61.33,0.033,-50.3,11.0,normal,-0.1787,False,
Node_9,2026-05-21 09:26:33,17,36.54,0.194,-57.9,143.4,packet_loss,-0.0549,True,Node_9 yüksek iletim gecikmesi nedeniyle paket kaybı riski taşıyor.
Node_8,2026-05-21 09:26:33,40,48.58,0.01,-45.6,11.8,normal,-0.1132,False,
Node_7,2026-05-21 09:26:33,35,37.46,0.074,-59.1,10.6,normal,-0.1716,False,
Node_6,2026-05-21 09:26:33,32,36.43,0.063,-62.4,12.2,normal,-0.1703,False,
Node_5,2026-05-21 09:26:33,24,8.65,0.082,-65.9,41.1,energy_drop,-0.0791,True,Node_5 pil seviyesinde ani düşüş olduğu için enerji anomalisi tespit edildi.
Node_4,2026-05-21 09:26:33,25,56.65,0.022,-47.1,24.4,normal,-0.1804,False,
Node_3,2026-05-21 09:26:33,296,53.0,0.15,-58.5,31.1,suspicious_activity,0.0159,True,Node_3 normalden fazla veri gönderdiği için şüpheli aktivite olarak işaretlendi.
Node_2,2026-05-21 09:26:33,20,49.43,0.392,-78.7,42.0,communication_error,-0.0299,True,Node_2 yüksek hata oranı nedeniyle iletişim problemi olarak işaretlendi.
Node_1,2026-05-21 09:26:33,31,42.09,0.065,-51.2,10.1,normal,-0.1785,False,
Node_10,2026-05-21 09:26:53,38,61.18,0.021,-64.6,7.4,normal,-0.1594,False,
Node_9,2026-05-21 09:26:53,17,36.43,0.156,-61.7,218.4,packet_loss,-0.0358,True,Node_9 yüksek iletim gecikmesi nedeniyle paket kaybı riski taşıyor.
Node_8,2026-05-21 09:26:53,32,48.39,0.041,-58.4,9.7,normal,-0.19,False,
Node_7,2026-05-21 09:26:53,18,37.36,0.035,-58.3,13.6,normal,-0.1645,False,
Node_1,2026-05-21 09:26:53,28,41.89,0.015,-46.1,9.0,normal,-0.1229,False,
Node_5,2026-05-21 09:26:53,16,9.32,0.044,-59.8,42.4,energy_drop,-0.0772,True,Node_5 pil seviyesinde ani düşüş olduğu için enerji anomalisi tespit edildi.
Node_4,2026-05-21 09:26:53,15,56.58,0.078,-45.7,5.9,normal,-0.1263,False,
Node_3,2026-05-21 09:26:53,27,52.95,0.073,-57.3,18.1,normal,-0.2034,False,
Node_2,2026-05-21 09:26:53,40,49.3,0.011,-63.3,17.1,normal,-0.1503,False,
Node_6,2026-05-21 09:26:53,3,34.31,0.62,-75.6,402.8,node_failure,0.0504,True,Node_6 düğüm arızası olasılığı nedeniyle riskli olarak işaretlendi.
Node_8,2026-05-21 09:27:13,24,48.17,0.019,-59.7,13.2,normal,-0.185,False,
Node_10,2026-05-21 09:27:13,34,61.06,0.039,-56.2,5.6,normal,-0.1779,False,
Node_9,2026-05-21 09:27:13,10,36.38,0.18,-65.2,167.2,packet_loss,-0.0444,True,Node_9 yüksek iletim gecikmesi nedeniyle paket kaybı riski taşıyor.
Node_7,2026-05-21 09:27:13,38,37.19,0.087,-68.1,12.0,node_silence,-0.1246,True,Node_7 uzun süre veri göndermediği için sessizlik anomalisi oluştu.
Node_6,2026-05-21 09:27:13,1,23.92,0.908,-68.7,358.7,node_failure,0.0605,True,Node_6 düğüm arızası olasılığı nedeniyle riskli olarak işaretlendi.
Node_5,2026-05-21 09:27:13,23,58.02,0.05,-56.1,22.4,normal,-0.2031,False,
Node_4,2026-05-21 09:27:13,21,56.45,0.067,-61.2,24.7,normal,-0.1942,False,
Node_3,2026-05-21 09:27:13,219,52.73,0.089,-55.4,13.1,suspicious_activity,-0.0374,True,Node_3 normalden fazla veri gönderdiği için şüpheli aktivite olarak işaretlendi.
Node_2,2026-05-21 09:27:13,26,49.11,0.745,-76.8,63.3,communication_error,0.013,True,Node_2 yüksek hata oranı nedeniyle iletişim problemi olarak işaretlendi.
Node_1,2026-05-21 09:27:13,31,41.69,0.02,-52.8,10.6,normal,-0.1632,False,
Node_10,2026-05-21 09:27:33,31,60.94,0.014,-61.1,23.0,normal,-0.1805,False,
Node_9,2026-05-21 09:27:33,31,36.2,0.076,-59.2,24.6,normal,-0.1677,False,
Node_8,2026-05-21 09:27:33,30,47.99,0.026,-55.5,12.1,normal,-0.1918,False,
Node_7,2026-05-21 09:27:33,16,36.96,0.06,-74.0,28.9,node_silence,-0.0822,True,Node_7 uzun süre veri göndermediği için sessizlik anomalisi oluştu.
Node_6,2026-05-21 09:27:33,3,31.5,0.906,-57.9,443.8,node_failure,0.0824,True,Node_6 düğüm arızası olasılığı nedeniyle riskli olarak işaretlendi.
Node_5,2026-05-21 09:27:33,24,57.81,0.051,-49.8,13.0,normal,-0.2039,False,
Node_4,2026-05-21 09:27:33,31,56.39,0.075,-53.4,20.3,normal,-0.195,False,
Node_3,2026-05-21 09:27:33,207,52.55,0.129,-61.0,19.6,suspicious_activity,-0.0169,True,Node_3 normalden fazla veri gönderdiği için şüpheli aktivite olarak işaretlendi.
Node_2,2026-05-21 09:27:33,32,49.01,0.519,-57.5,79.4,communication_error,-0.0328,True,Node_2 yüksek hata oranı nedeniyle iletişim problemi olarak işaretlendi.
Node_1,2026-05-21 09:27:33,33,41.56,0.013,-54.9,11.5,normal,-0.1601,False,
Node_10,2026-05-21 09:27:53,22,60.7,0.057,-61.5,17.7,normal,-0.2046,False,
Node_9,2026-05-21 09:27:53,36,36.01,0.047,-55.7,10.1,normal,-0.1568,False,
Node_8,2026-05-21 09:27:53,28,47.8,0.064,-58.7,9.6,normal,-0.1969,False,
Node_7,2026-05-21 09:27:53,29,36.76,0.071,-73.7,11.2,node_silence,-0.0992,True,Node_7 uzun süre veri göndermediği için sessizlik anomalisi oluştu.
Node_1,2026-05-21 09:27:53,41,41.41,0.07,-59.4,20.2,normal,-0.1754,False,
Node_5,2026-05-21 09:27:53,28,10.9,0.086,-69.6,40.1,energy_drop,-0.0651,True,Node_5 pil seviyesinde ani düşüş olduğu için enerji anomalisi tespit edildi.
Node_4,2026-05-21 09:27:53,29,56.25,0.069,-52.8,6.0,normal,-0.1853,False,
Node_3,2026-05-21 09:27:53,331,52.41,0.119,-58.9,35.2,suspicious_activity,0.0461,True,Node_3 normalden fazla veri gönderdiği için şüpheli aktivite olarak işaretlendi.
Node_2,2026-05-21 09:27:53,14,48.86,0.705,-64.2,68.0,communication_error,-0.042,True,Node_2 yüksek hata oranı nedeniyle iletişim problemi olarak işaretlendi.
Node_6,2026-05-21 09:27:53,28,35.77,0.063,-49.1,11.9,normal,-0.1564,False,
Node_8,2026-05-21 09:28:13,42,47.62,0.016,-57.5,19.7,normal,-0.1655,False,
Node_10,2026-05-21 09:28:13,19,60.5,0.017,-64.7,24.6,normal,-0.1655,False,
Node_9,2026-05-21 09:28:13,8,35.94,0.346,-65.3,128.0,packet_loss,-0.0269,True,Node_9 yüksek iletim gecikmesi nedeniyle paket kaybı riski taşıyor.
Node_7,2026-05-21 09:28:13,27,36.57,0.011,-73.7,29.6,node_silence,-0.0807,True,Node_7 uzun süre veri göndermediği için sessizlik anomalisi oluştu.
Node_6,2026-05-21 09:28:13,39,35.59,0.026,-60.2,6.1,normal,-0.1339,False,
Node_5,2026-05-21 09:28:13,28,9.49,0.096,-70.1,37.4,energy_drop,-0.0523,True,Node_5 pil seviyesinde ani düşüş olduğu için enerji anomalisi tespit edildi.
Node_4,2026-05-21 09:28:13,37,56.17,0.044,-48.4,21.0,normal,-0.1897,False,
Node_3,2026-05-21 09:28:13,312,52.35,0.096,-69.3,21.6,suspicious_activity,0.0265,True,Node_3 normalden fazla veri gönderdiği için şüpheli aktivite olarak işaretlendi.
Node_2,2026-05-21 09:28:13,35,48.65,0.419,-64.3,45.4,communication_error,-0.0802,True,Node_2 yüksek hata oranı nedeniyle iletişim problemi olarak işaretlendi.
Node_1,2026-05-21 09:28:13,18,41.33,0.058,-58.6,19.5,normal,-0.1816,False,
Node_10,2026-05-21 09:28:33,31,60.33,0.035,-51.6,17.5,normal,-0.2041,False,
Node_9,2026-05-21 09:28:33,8,35.78,0.168,-67.0,249.4,packet_loss,-0.0182,True,Node_9 yüksek iletim gecikmesi nedeniyle paket kaybı riski taşıyor.
Node_8,2026-05-21 09:28:33,28,47.44,0.074,-48.7,23.3,normal,-0.1882,False,
Node_7,2026-05-21 09:28:33,35,36.42,0.06,-57.0,17.1,normal,-0.1713,False,
Node_6,2026-05-21 09:28:33,31,35.51,0.045,-45.7,18.1,normal,-0.1214,False,
Node_5,2026-05-21 09:28:33,38,57.32,0.075,-59.8,19.0,normal,-0.1912,False,
Node_4,2026-05-21 09:28:33,45,55.94,0.02,-62.8,23.0,normal,-0.1582,False,
Node_3,2026-05-21 09:28:33,239,52.27,0.082,-68.7,30.1,suspicious_activity,0.003,True,Node_3 normalden fazla veri gönderdiği için şüpheli aktivite olarak işaretlendi.
Node_2,2026-05-21 09:28:33,26,48.51,0.522,-79.4,43.1,communication_error,-0.0017,True,Node_2 yüksek hata oranı nedeniyle iletişim problemi olarak işaretlendi.
Node_1,2026-05-21 09:28:33,39,41.23,0.053,-59.5,14.0,normal,-0.1761,False,
Node_10,2026-05-21 09:28:53,25,60.13,0.051,-50.8,24.2,normal,-0.2014,False,
Node_9,2026-05-21 09:28:53,12,35.6,0.16,-55.7,197.9,packet_loss,-0.028,True,Node_9 yüksek iletim gecikmesi nedeniyle paket kaybı riski taşıyor.
Node_8,2026-05-21 09:28:53,18,47.3,0.066,-54.9,14.3,normal,-0.1845,False,
Node_7,2026-05-21 09:28:53,16,36.27,0.047,-55.7,19.7,normal,-0.1545,False,
Node_1,2026-05-21 09:28:53,24,41.15,0.015,-60.1,7.6,normal,-0.1522,False,
Node_5,2026-05-21 09:28:53,25,12.6,0.034,-50.2,44.5,energy_drop,-0.0711,True,Node_5 pil seviyesinde ani düşüş olduğu için enerji anomalisi tespit edildi.
Node_4,2026-05-21 09:28:53,32,55.82,0.077,-48.0,15.0,normal,-0.1845,False,
Node_3,2026-05-21 09:28:53,34,52.18,0.061,-56.0,7.1,normal,-0.1849,False,
Node_2,2026-05-21 09:28:53,15,48.43,0.557,-62.8,31.8,communication_error,-0.0737,True,Node_2 yüksek hata oranı nedeniyle iletişim problemi olarak işaretlendi.
Node_6,2026-05-21 09:28:53,5,16.59,0.854,-60.0,229.1,node_failure,0.0417,True,Node_6 düğüm arızası olasılığı nedeniyle riskli olarak işaretlendi.
Node_8,2026-05-21 09:29:13,25,47.14,0.04,-50.5,6.8,normal,-0.1791,False,
Node_10,2026-05-21 09:29:13,24,60.01,0.08,-47.4,6.3,normal,-0.1651,False,
Node_9,2026-05-21 09:29:13,15,35.41,0.057,-47.7,20.5,normal,-0.1325,False,
Node_7,2026-05-21 09:29:13,32,36.04,0.049,-50.2,20.8,normal,-0.1633,False,
Node_4,2026-05-21 09:29:13,31,55.62,0.028,-58.6,6.0,normal,-0.1818,False,
Node_5,2026-05-21 09:29:13,30,57.15,0.077,-57.6,15.3,normal,-0.2008,False,
Node_6,2026-05-21 09:29:13,2,19.05,0.693,-59.9,243.8,node_failure,0.0208,True,Node_6 düğüm arızası olasılığı nedeniyle riskli olarak işaretlendi.
Node_3,2026-05-21 09:29:13,41,52.01,0.027,-54.7,20.2,normal,-0.1845,False,
Node_2,2026-05-21 09:29:13,32,48.23,0.502,-54.7,59.4,communication_error,-0.0303,True,Node_2 yüksek hata oranı nedeniyle iletişim problemi olarak işaretlendi.
Node_1,2026-05-21 09:29:13,22,41.01,0.06,-59.6,19.1,normal,-0.1881,False,
Node_10,2026-05-21 09:29:33,26,59.93,0.077,-52.7,9.8,normal,-0.1921,False,
Node_9,2026-05-21 09:29:33,28,35.28,0.04,-45.2,17.4,normal,-0.1176,False,
Node_8,2026-05-21 09:29:33,42,47.06,0.033,-62.3,19.4,normal,-0.1767,False,
Node_7,2026-05-21 09:29:33,31,35.96,0.031,-59.3,18.1,normal,-0.168,False,
Node_6,2026-05-21 09:29:33,2,29.13,0.848,-79.7,266.6,node_failure,0.0515,True,Node_6 düğüm arızası olasılığı nedeniyle riskli olarak işaretlendi.
Node_5,2026-05-21 09:29:33,12,8.06,0.026,-67.7,20.9,energy_drop,-0.0567,True,Node_5 pil seviyesinde ani düşüş olduğu için enerji anomalisi tespit edildi.
Node_4,2026-05-21 09:29:33,20,55.54,0.068,-57.2,17.9,normal,-0.2025,False,
Node_3,2026-05-21 09:29:33,318,51.87,0.082,-78.7,25.6,suspicious_activity,0.0677,True,Node_3 normalden fazla veri gönderdiği için şüpheli aktivite olarak işaretlendi.
Node_2,2026-05-21 09:29:33,34,48.03,0.034,-52.0,11.1,normal,-0.188,False,
Node_1,2026-05-21 09:29:33,39,40.78,0.026,-57.3,17.7,normal,-0.1712,False,
Node_10,2026-05-21 09:29:53,41,59.7,0.036,-52.9,13.8,normal,-0.1929,False,
Node_9,2026-05-21 09:29:53,16,35.04,0.318,-67.2,273.9,packet_loss,0.0039,True,Node_9 yüksek iletim gecikmesi nedeniyle paket kaybı riski taşıyor.
Node_8,2026-05-21 09:29:53,23,46.89,0.072,-48.5,22.9,normal,-0.1808,False,
Node_7,2026-05-21 09:29:53,16,35.87,0.03,-51.3,12.9,node_silence,-0.1444,True,Node_7 uzun süre veri göndermediği için sessizlik anomalisi oluştu.
Node_6,2026-05-21 09:29:53,3,16.07,0.713,-69.6,313.6,node_failure,0.0194,True,Node_6 düğüm arızası olasılığı nedeniyle riskli olarak işaretlendi.
Node_5,2026-05-21 09:29:53,31,56.78,0.013,-62.0,18.8,normal,-0.185,False,
Node_4,2026-05-21 09:29:53,28,55.31,0.079,-50.1,7.7,normal,-0.1901,False,
Node_3,2026-05-21 09:29:53,34,51.68,0.066,-46.7,21.6,normal,-0.1724,False,
Node_2,2026-05-21 09:29:53,21,47.9,0.651,-78.6,64.1,communication_error,0.0097,True,Node_2 yüksek hata oranı nedeniyle iletişim problemi olarak işaretlendi.
Node_1,2026-05-21 09:29:53,35,40.67,0.028,-50.1,19.3,normal,-0.1764,False,
Node_10,2026-05-21 09:30:13,36,59.47,0.016,-50.8,8.6,normal,-0.1746,False,
Node_9,2026-05-21 09:30:13,10,34.98,0.298,-50.3,203.5,packet_loss,0.0018,True,Node_9 yüksek iletim gecikmesi nedeniyle paket kaybı riski taşıyor.
Node_8,2026-05-21 09:30:13,42,46.76,0.031,-57.4,23.6,normal,-0.1737,False,
Node_7,2026-05-21 09:30:13,44,35.7,0.035,-62.9,22.2,normal,-0.1442,False,
Node_6,2026-05-21 09:30:13,36,34.58,0.055,-53.8,12.6,normal,-0.1654,False,
Node_5,2026-05-21 09:30:13,41,56.67,0.078,-64.4,9.6,normal,-0.1701,False,
Node_4,2026-05-21 09:30:13,37,55.23,0.07,-64.7,15.4,normal,-0.1879,False,
Node_3,2026-05-21 09:30:13,44,51.62,0.01,-60.0,19.9,normal,-0.1537,False,
Node_2,2026-05-21 09:30:13,16,47.78,0.639,-64.3,34.5,communication_error,-0.0588,True,Node_2 yüksek hata oranı nedeniyle iletişim problemi olarak işaretlendi.
Node_1,2026-05-21 09:30:13,35,40.54,0.075,-58.6,22.4,normal,-0.1846,False,
Node_10,2026-05-21 09:30:33,22,59.37,0.029,-56.5,17.1,normal,-0.1993,False,
Node_8,2026-05-21 09:30:33,15,46.62,0.041,-64.6,18.3,normal,-0.1573,False,
Node_7,2026-05-21 09:30:33,17,35.52,0.02,-63.0,9.9,normal,-0.1353,False,
Node_6,2026-05-21 09:30:33,45,34.43,0.061,-45.9,19.5,normal,-0.102,False,
Node_9,2026-05-21 09:30:33,22,34.74,0.079,-61.8,23.2,normal,-0.1665,False,
Node_4,2026-05-21 09:30:33,15,55.01,0.02,-50.0,22.1,normal,-0.162,False,
Node_3,2026-05-21 09:30:33,291,51.47,0.097,-54.0,28.1,suspicious_activity,0.0045,True,Node_3 normalden fazla veri gönderdiği için şüpheli aktivite olarak işaretlendi.
Node_2,2026-05-21 09:30:33,27,47.62,0.673,-60.3,55.4,communication_error,-0.0321,True,Node_2 yüksek hata oranı nedeniyle iletişim problemi olarak işaretlendi.
Node_1,2026-05-21 09:30:33,24,40.32,0.019,-50.6,5.6,normal,-0.1419,False,
Node_5,2026-05-21 09:30:33,16,11.51,0.02,-71.8,28.9,energy_drop,-0.052,True,Node_5 pil seviyesinde ani düşüş olduğu için enerji anomalisi tespit edildi.
Node_10,2026-05-21 09:30:53,32,59.15,0.038,-58.9,17.9,normal,-0.203,False,
Node_9,2026-05-21 09:30:53,15,34.67,0.297,-64.4,256.9,packet_loss,-0.0083,True,Node_9 yüksek iletim gecikmesi nedeniyle paket kaybı riski taşıyor.
Node_8,2026-05-21 09:30:53,21,46.56,0.061,-48.3,22.8,normal,-0.1804,False,
Node_7,2026-05-21 09:30:53,45,35.39,0.013,-51.0,11.8,normal,-0.1126,False,
Node_6,2026-05-21 09:30:53,0,24.5,0.863,-52.2,276.6,node_failure,0.0787,True,Node_6 düğüm arızası olasılığı nedeniyle riskli olarak işaretlendi.
Node_5,2026-05-21 09:30:53,22,12.03,0.061,-55.1,33.2,energy_drop,-0.0964,True,Node_5 pil seviyesinde ani düşüş olduğu için enerji anomalisi tespit edildi.
Node_4,2026-05-21 09:30:53,32,54.87,0.068,-50.5,9.7,normal,-0.1987,False,
Node_3,2026-05-21 09:30:53,21,51.35,0.011,-61.0,22.3,normal,-0.1686,False,
Node_2,2026-05-21 09:30:53,45,47.46,0.03,-46.3,14.1,normal,-0.1324,False,
Node_1,2026-05-21 09:30:53,45,40.09,0.021,-49.8,20.7,normal,-0.1353,False,
Node_10,2026-05-21 09:31:13,34,59.01,0.066,-64.7,14.8,normal,-0.1922,False,
Node_9,2026-05-21 09:31:13,13,34.58,0.306,-62.0,239.9,packet_loss,-0.0109,True,Node_9 yüksek iletim gecikmesi nedeniyle paket kaybı riski taşıyor.
Node_8,2026-05-21 09:31:13,42,46.42,0.025,-55.1,12.3,normal,-0.1705,False,
Node_7,2026-05-21 09:31:13,32,35.15,0.071,-66.2,26.0,node_silence,-0.1481,True,Node_7 uzun süre veri göndermediği için sessizlik anomalisi oluştu.
Node_1,2026-05-21 09:31:13,15,40.04,0.049,-53.4,15.6,normal,-0.1571,False,
Node_5,2026-05-21 09:31:13,27,9.49,0.095,-58.7,45.2,energy_drop,-0.0726,True,Node_5 pil seviyesinde ani düşüş olduğu için enerji anomalisi tespit edildi.
Node_4,2026-05-21 09:31:13,40,54.78,0.046,-54.4,5.8,normal,-0.1659,False,
Node_3,2026-05-21 09:31:13,44,51.22,0.04,-58.9,20.6,normal,-0.1796,False,
Node_2,2026-05-21 09:31:13,11,47.33,0.737,-78.8,78.1,communication_error,0.0302,True,Node_2 yüksek hata oranı nedeniyle iletişim problemi olarak işaretlendi.
Node_6,2026-05-21 09:31:13,0,34.84,0.794,-65.5,258.2,node_failure,0.0203,True,Node_6 düğüm arızası olasılığı nedeniyle riskli olarak işaretlendi.
Node_8,2026-05-21 09:31:33,38,46.22,0.015,-48.0,24.8,normal,-0.1397,False,
Node_10,2026-05-21 09:31:33,37,58.88,0.025,-51.7,19.0,normal,-0.1896,False,
Node_9,2026-05-21 09:31:33,18,34.41,0.272,-68.4,270.3,packet_loss,-0.0003,True,Node_9 yüksek iletim gecikmesi nedeniyle paket kaybı riski taşıyor.
Node_7,2026-05-21 09:31:33,21,34.98,0.067,-61.6,18.7,normal,-0.174,False,
Node_6,2026-05-21 09:31:33,29,34.03,0.071,-62.4,9.7,normal,-0.161,False,
Node_5,2026-05-21 09:31:33,17,14.41,0.043,-66.9,29.6,energy_drop,-0.0921,True,Node_5 pil seviyesinde ani düşüş olduğu için enerji anomalisi tespit edildi.
Node_4,2026-05-21 09:31:33,43,54.72,0.071,-54.4,12.6,normal,-0.1885,False,
Node_3,2026-05-21 09:31:33,23,51.06,0.061,-45.7,12.9,normal,-0.1656,False,
Node_2,2026-05-21 09:31:33,27,47.18,0.08,-46.4,24.5,normal,-0.1515,False,
Node_1,2026-05-21 09:31:33,41,39.83,0.064,-60.0,7.6,normal,-0.1572,False,
Node_10,2026-05-21 09:31:53,31,58.83,0.061,-52.7,15.5,normal,-0.2015,False,
Node_9,2026-05-21 09:31:53,26,34.17,0.043,-57.4,14.4,normal,-0.1686,False,
Node_8,2026-05-21 09:31:53,40,46.14,0.068,-50.3,14.7,normal,-0.1778,False,
Node_7,2026-05-21 09:31:53,39,34.76,0.058,-56.1,24.8,normal,-0.1502,False,
Node_6,2026-05-21 09:31:53,0,35.43,0.696,-60.8,328.5,node_failure,0.0403,True,Node_6 düğüm arızası olasılığı nedeniyle riskli olarak işaretlendi.
Node_5,2026-05-21 09:31:53,14,8.71,0.033,-69.0,49.3,energy_drop,-0.0415,True,Node_5 pil seviyesinde ani düşüş olduğu için enerji anomalisi tespit edildi.
Node_4,2026-05-21 09:31:53,28,54.66,0.037,-50.8,17.2,normal,-0.2071,False,
Node_3,2026-05-21 09:31:53,15,50.88,0.051,-54.3,11.1,normal,-0.1726,False,
Node_2,2026-05-21 09:31:53,11,46.93,0.608,-72.4,48.1,communication_error,-0.0268,True,Node_2 yüksek hata oranı nedeniyle iletişim problemi olarak işaretlendi.
Node_1,2026-05-21 09:31:53,36,39.71,0.062,-55.0,11.3,normal,-0.1791,False,
Node_10,2026-05-21 09:32:13,23,58.62,0.07,-52.6,19.9,normal,-0.2023,False,
Node_9,2026-05-21 09:32:13,17,34.0,0.074,-53.0,18.0,normal,-0.1502,False,
Node_8,2026-05-21 09:32:13,39,46.07,0.051,-47.8,17.2,normal,-0.1664,False,
Node_7,2026-05-21 09:32:13,26,34.55,0.083,-61.5,23.1,node_silence,-0.1695,True,Node_7 uzun süre veri göndermediği için sessizlik anomalisi oluştu.
Node_1,2026-05-21 09:32:13,31,39.65,0.028,-54.5,19.3,normal,-0.1777,False,
Node_5,2026-05-21 09:32:13,24,12.98,0.099,-68.3,23.3,energy_drop,-0.0754,True,Node_5 pil seviyesinde ani düşüş olduğu için enerji anomalisi tespit edildi.
Node_4,2026-05-21 09:32:13,28,54.59,0.028,-60.1,16.5,normal,-0.2004,False,
Node_3,2026-05-21 09:32:13,38,50.66,0.053,-51.4,5.3,normal,-0.1698,False,
Node_2,2026-05-21 09:32:13,16,46.73,0.068,-45.0,22.9,normal,-0.1193,False,
Node_6,2026-05-21 09:32:13,40,33.77,0.026,-61.8,13.2,normal,-0.1424,False,
Node_8,2026-05-21 09:32:33,18,45.85,0.011,-60.1,6.4,normal,-0.1398,False,
Node_10,2026-05-21 09:32:33,28,58.47,0.021,-56.4,10.2,normal,-0.1904,False,
Node_9,2026-05-21 09:32:33,31,33.88,0.05,-45.7,15.7,normal,-0.1229,False,
Node_7,2026-05-21 09:32:33,39,34.47,0.05,-58.2,21.6,normal,-0.1616,False,
Node_6,2026-05-21 09:32:33,0,36.43,0.691,-67.5,321.5,node_failure,0.0298,True,Node_6 düğüm arızası olasılığı nedeniyle riskli olarak işaretlendi.
Node_5,2026-05-21 09:32:33,24,55.94,0.019,-62.9,20.6,normal,-0.1875,False,
Node_4,2026-05-21 09:32:33,35,54.46,0.07,-57.3,10.9,normal,-0.2021,False,
Node_3,2026-05-21 09:32:33,20,50.43,0.074,-58.5,15.4,normal,-0.197,False,
Node_2,2026-05-21 09:32:33,12,46.6,0.712,-68.5,51.0,communication_error,-0.0233,True,Node_2 yüksek hata oranı nedeniyle iletişim problemi olarak işaretlendi.
Node_1,2026-05-21 09:32:33,32,39.49,0.077,-48.4,19.0,normal,-0.162,False,
Node_10,2026-05-21 09:32:53,33,58.39,0.077,-48.0,10.9,normal,-0.1803,False,
Node_9,2026-05-21 09:32:53,15,33.65,0.284,-58.1,231.2,packet_loss,-0.0202,True,Node_9 yüksek iletim gecikmesi nedeniyle paket kaybı riski taşıyor.
Node_8,2026-05-21 09:32:53,25,45.68,0.062,-51.0,19.0,normal,-0.1924,False,
Node_7,2026-05-21 09:32:53,20,34.3,0.07,-49.4,18.6,normal,-0.1532,False,
Node_6,2026-05-21 09:32:53,0,16.69,0.753,-80.0,311.8,node_failure,0.0692,True,Node_6 düğüm arızası olasılığı nedeniyle riskli olarak işaretlendi.
Node_5,2026-05-21 09:32:53,36,55.82,0.045,-64.8,14.5,normal,-0.1901,False,
Node_4,2026-05-21 09:32:53,17,54.34,0.055,-46.0,8.3,normal,-0.1522,False,
Node_3,2026-05-21 09:32:53,314,50.27,0.132,-55.1,18.9,suspicious_activity,0.026,True,Node_3 normalden fazla veri gönderdiği için şüpheli aktivite olarak işaretlendi.
Node_2,2026-05-21 09:32:53,29,46.46,0.393,-75.7,67.4,communication_error,-0.0374,True,Node_2 yüksek hata oranı nedeniyle iletişim problemi olarak işaretlendi.
Node_1,2026-05-21 09:32:53,35,39.4,0.08,-58.6,11.3,normal,-0.1708,False,
Node_10,2026-05-21 09:33:13,45,58.33,0.015,-58.0,11.6,normal,-0.1634,False,
Node_9,2026-05-21 09:33:13,41,33.54,0.072,-62.9,10.8,normal,-0.1383,False,
Node_8,2026-05-21 09:33:13,33,45.57,0.028,-48.7,22.4,normal,-0.1781,False,
Node_7,2026-05-21 09:33:13,31,34.13,0.09,-52.8,23.8,node_silence,-0.1484,True,Node_7 uzun süre veri göndermediği için sessizlik anomalisi oluştu.
Node_1,2026-05-21 09:33:13,25,39.3,0.039,-62.9,5.4,normal,-0.1553,False,
Node_5,2026-05-21 09:33:13,19,55.72,0.05,-45.4,8.1,normal,-0.1505,False,
Node_4,2026-05-21 09:33:13,17,54.26,0.033,-53.8,17.8,normal,-0.1862,False,
Node_3,2026-05-21 09:33:13,30,50.16,0.025,-62.8,19.5,normal,-0.1907,False,
Node_2,2026-05-21 09:33:13,34,46.28,0.652,-72.0,39.6,communication_error,-0.0181,True,Node_2 yüksek hata oranı nedeniyle iletişim problemi olarak işaretlendi.
Node_6,2026-05-21 09:33:13,1,33.01,0.827,-58.8,203.1,node_failure,0.0405,True,Node_6 düğüm arızası olasılığı nedeniyle riskli olarak işaretlendi.
Node_8,2026-05-21 09:33:33,32,45.52,0.058,-56.6,19.3,normal,-0.1922,False,
Node_10,2026-05-21 09:33:33,41,58.26,0.059,-58.9,6.0,normal,-0.1705,False,
Node_9,2026-05-21 09:33:33,18,33.46,0.263,-72.9,229.0,packet_loss,-0.0062,True,Node_9 yüksek iletim gecikmesi nedeniyle paket kaybı riski taşıyor.
Node_7,2026-05-21 09:33:33,34,33.9,0.045,-45.8,9.4,normal,-0.1158,False,
Node_6,2026-05-21 09:33:33,17,33.22,0.052,-57.8,23.8,normal,-0.147,False,
Node_5,2026-05-21 09:33:33,37,55.6,0.016,-61.9,18.5,normal,-0.1814,False,
Node_4,2026-05-21 09:33:33,31,54.14,0.027,-58.5,7.1,normal,-0.186,False,
Node_3,2026-05-21 09:33:33,17,50.1,0.06,-51.9,18.1,normal,-0.1832,False,
Node_2,2026-05-21 09:33:33,29,46.07,0.537,-55.7,65.9,communication_error,-0.04,True,Node_2 yüksek hata oranı nedeniyle iletişim problemi olarak işaretlendi.
Node_1,2026-05-21 09:33:33,24,39.13,0.062,-47.8,19.9,normal,-0.1658,False,
Node_10,2026-05-21 09:33:53,39,58.02,0.036,-55.9,12.2,normal,-0.19,False,
Node_9,2026-05-21 09:33:53,10,33.33,0.257,-66.1,146.5,packet_loss,-0.04,True,Node_9 yüksek iletim gecikmesi nedeniyle paket kaybı riski taşıyor.
Node_8,2026-05-21 09:33:53,16,45.41,0.011,-46.4,13.9,normal,-0.1217,False,
Node_7,2026-05-21 09:33:53,40,33.72,0.045,-51.3,22.3,normal,-0.1508,False,
Node_6,2026-05-21 09:33:53,27,33.14,0.05,-53.7,18.4,normal,-0.1633,False,
Node_5,2026-05-21 09:33:53,45,55.52,0.055,-49.5,23.0,normal,-0.1749,False,
Node_4,2026-05-21 09:33:53,26,53.97,0.029,-48.4,16.3,normal,-0.1972,False,
Node_3,2026-05-21 09:33:53,16,50.02,0.057,-58.4,15.7,normal,-0.1828,False,
Node_2,2026-05-21 09:33:53,29,45.87,0.483,-64.4,55.3,communication_error,-0.068,True,Node_2 yüksek hata oranı nedeniyle iletişim problemi olarak işaretlendi.
Node_1,2026-05-21 09:33:53,43,39.05,0.046,-49.2,13.9,normal,-0.1584,False,
Node_10,2026-05-21 09:34:13,44,57.91,0.016,-50.1,16.4,normal,-0.1691,False,
Node_9,2026-05-21 09:34:13,23,33.25,0.219,-70.0,237.8,packet_loss,-0.0031,True,Node_9 yüksek iletim gecikmesi nedeniyle paket kaybı riski taşıyor.
Node_8,2026-05-21 09:34:13,19,45.34,0.061,-59.2,12.3,normal,-0.179,False,
Node_7,2026-05-21 09:34:13,30,33.65,0.083,-60.3,19.6,node_silence,-0.1576,True,Node_7 uzun süre veri göndermediği için sessizlik anomalisi oluştu.
Node_1,2026-05-21 09:34:13,15,38.84,0.077,-46.1,15.1,normal,-0.1207,False,
Node_5,2026-05-21 09:34:13,11,13.16,0.049,-73.3,41.5,energy_drop,-0.025,True,Node_5 pil seviyesinde ani düşüş olduğu için enerji anomalisi tespit edildi.
Node_4,2026-05-21 09:34:13,21,53.77,0.071,-55.7,16.9,normal,-0.2002,False,
Node_3,2026-05-21 09:34:13,29,49.8,0.077,-48.8,15.6,normal,-0.1831,False,
Node_2,2026-05-21 09:34:13,16,45.69,0.616,-70.9,76.6,communication_error,-0.0369,True,Node_2 yüksek hata oranı nedeniyle iletişim problemi olarak işaretlendi.
Node_6,2026-05-21 09:34:13,4,23.75,0.828,-78.5,293.9,node_failure,0.0434,True,Node_6 düğüm arızası olasılığı nedeniyle riskli olarak işaretlendi.
Node_7,2026-05-21 09:34:33,31,33.46,0.092,-79.6,9.2,node_silence,-0.0219,True,Node_7 uzun süre veri göndermediği için sessizlik anomalisi oluştu.
Node_10,2026-05-21 09:34:33,40,57.84,0.067,-48.4,16.0,normal,-0.1811,False,
Node_8,2026-05-21 09:34:33,25,45.25,0.014,-64.7,24.4,normal,-0.1572,False,
Node_6,2026-05-21 09:34:33,3,36.71,0.845,-64.9,470.3,node_failure,0.0652,True,Node_6 düğüm arızası olasılığı nedeniyle riskli olarak işaretlendi.
Node_9,2026-05-21 09:34:33,23,33.19,0.217,-59.6,172.2,packet_loss,-0.0225,True,Node_9 yüksek iletim gecikmesi nedeniyle paket kaybı riski taşıyor.
Node_4,2026-05-21 09:34:33,28,53.54,0.073,-55.3,19.8,normal,-0.2054,False,
Node_3,2026-05-21 09:34:33,22,49.63,0.075,-48.6,10.0,normal,-0.1773,False,
Node_5,2026-05-21 09:34:33,16,55.21,0.065,-58.5,10.4,normal,-0.1829,False,
Node_2,2026-05-21 09:34:33,31,45.49,0.572,-71.6,44.1,communication_error,-0.0324,True,Node_2 yüksek hata oranı nedeniyle iletişim problemi olarak işaretlendi.
Node_1,2026-05-21 09:34:33,31,38.7,0.047,-60.9,7.0,normal,-0.1556,False,
Node_10,2026-05-21 09:34:53,36,57.61,0.061,-57.9,23.2,normal,-0.2002,False,
Node_9,2026-05-21 09:34:53,22,33.14,0.32,-74.9,221.9,packet_loss,0.0135,True,Node_9 yüksek iletim gecikmesi nedeniyle paket kaybı riski taşıyor.
Node_8,2026-05-21 09:34:53,31,45.2,0.066,-47.6,23.1,normal,-0.174,False,
Node_7,2026-05-21 09:34:53,39,33.27,0.054,-57.2,7.9,normal,-0.1375,False,
Node_6,2026-05-21 09:34:53,0,12.87,0.711,-65.9,480.3,node_failure,0.0991,True,Node_6 düğüm arızası olasılığı nedeniyle riskli olarak işaretlendi.
Node_5,2026-05-21 09:34:53,28,5.89,0.035,-50.3,48.1,energy_drop,-0.0634,True,Node_5 pil seviyesinde ani düşüş olduğu için enerji anomalisi tespit edildi.
Node_4,2026-05-21 09:34:53,40,53.44,0.031,-62.7,18.3,normal,-0.1859,False,
Node_3,2026-05-21 09:34:53,232,49.47,0.143,-78.2,32.7,suspicious_activity,0.0674,True,Node_3 normalden fazla veri gönderdiği için şüpheli aktivite olarak işaretlendi.
Node_2,2026-05-21 09:34:53,12,45.27,0.59,-59.6,38.6,communication_error,-0.0535,True,Node_2 yüksek hata oranı nedeniyle iletişim problemi olarak işaretlendi.
Node_1,2026-05-21 09:34:53,37,38.51,0.065,-58.8,24.0,normal,-0.1688,False,
Node_10,2026-05-21 09:35:13,43,57.53,0.03,-62.5,6.2,normal,-0.1603,False,
Node_8,2026-05-21 09:35:13,16,45.05,0.031,-55.9,12.4,normal,-0.1676,False,
Node_7,2026-05-21 09:35:13,24,33.19,0.063,-64.5,17.9,normal,-0.1528,False,
Node_6,2026-05-21 09:35:13,2,25.77,0.608,-68.5,338.7,node_failure,0.021,True,Node_6 düğüm arızası olasılığı nedeniyle riskli olarak işaretlendi.
Node_9,2026-05-21 09:35:13,45,33.06,0.068,-59.0,12.7,normal,-0.1353,False,
Node_4,2026-05-21 09:35:13,30,53.29,0.071,-64.0,24.2,normal,-0.1883,False,
Node_3,2026-05-21 09:35:13,40,49.25,0.021,-63.0,19.5,normal,-0.1686,False,
Node_2,2026-05-21 09:35:13,31,45.17,0.614,-71.0,53.0,communication_error,-0.0259,True,Node_2 yüksek hata oranı nedeniyle iletişim problemi olarak işaretlendi.
Node_1,2026-05-21 09:35:13,23,38.4,0.022,-61.5,19.6,normal,-0.1735,False,
Node_5,2026-05-21 09:35:13,25,55.0,0.06,-50.3,13.0,normal,-0.2044,False,
Node_10,2026-05-21 09:35:33,34,57.38,0.014,-62.7,11.5,normal,-0.1808,False,
Node_9,2026-05-21 09:35:33,27,32.84,0.048,-51.0,14.1,normal,-0.1585,False,
Node_8,2026-05-21 09:35:33,38,44.83,0.039,-57.0,15.7,normal,-0.183,False,
Node_7,2026-05-21 09:35:33,26,33.09,0.042,-62.2,11.0,normal,-0.1537,False,
Node_6,2026-05-21 09:35:33,20,32.53,0.043,-49.8,13.7,normal,-0.1458,False,
Node_5,2026-05-21 09:35:33,12,14.42,0.042,-55.4,24.8,energy_drop,-0.0739,True,Node_5 pil seviyesinde ani düşüş olduğu için enerji anomalisi tespit edildi.
Node_4,2026-05-21 09:35:33,39,53.12,0.019,-50.6,22.2,normal,-0.1716,False,
Node_3,2026-05-21 09:35:33,39,49.01,0.038,-61.5,22.4,normal,-0.1826,False,
Node_2,2026-05-21 09:35:33,13,44.97,0.512,-67.8,61.7,communication_error,-0.0574,True,Node_2 yüksek hata oranı nedeniyle iletişim problemi olarak işaretlendi.
Node_1,2026-05-21 09:35:33,44,38.18,0.076,-54.7,24.9,normal,-0.1523,False,
Node_10,2026-05-21 09:35:53,25,57.15,0.029,-52.2,8.2,normal,-0.1935,False,
Node_9,2026-05-21 09:35:53,37,32.65,0.072,-53.0,8.3,normal,-0.1417,False,
Node_8,2026-05-21 09:35:53,35,44.77,0.078,-61.4,21.4,normal,-0.1835,False,
Node_7,2026-05-21 09:35:53,43,32.87,0.07,-62.8,22.8,normal,-0.1339,False,
Node_1,2026-05-21 09:35:53,22,38.09,0.047,-48.9,22.4,normal,-0.1665,False,
Node_5,2026-05-21 09:35:53,36,54.71,0.022,-46.3,15.2,normal,-0.1588,False,
Node_4,2026-05-21 09:35:53,26,53.04,0.071,-51.1,17.9,normal,-0.2048,False,
Node_3,2026-05-21 09:35:53,23,48.76,0.037,-56.4,5.5,normal,-0.1728,False,
Node_2,2026-05-21 09:35:53,25,44.91,0.507,-68.4,63.6,communication_error,-0.0624,True,Node_2 yüksek hata oranı nedeniyle iletişim problemi olarak işaretlendi.
Node_6,2026-05-21 09:35:53,4,32.77,0.924,-55.1,329.1,node_failure,0.0573,True,Node_6 düğüm arızası olasılığı nedeniyle riskli olarak işaretlendi.
Node_8,2026-05-21 09:36:13,26,44.72,0.042,-62.3,6.3,normal,-0.1752,False,
Node_10,2026-05-21 09:36:13,26,57.09,0.028,-53.6,6.6,normal,-0.184,False,
Node_9,2026-05-21 09:36:13,33,32.57,0.025,-47.0,13.6,normal,-0.1265,False,
Node_7,2026-05-21 09:36:13,24,32.65,0.069,-72.6,25.1,node_silence,-0.0981,True,Node_7 uzun süre veri göndermediği için sessizlik anomalisi oluştu.
Node_6,2026-05-21 09:36:13,16,32.21,0.033,-55.1,8.5,normal,-0.1269,False,
Node_5,2026-05-21 09:36:13,19,11.96,0.041,-65.3,40.4,energy_drop,-0.0867,True,Node_5 pil seviyesinde ani düşüş olduğu için enerji anomalisi tespit edildi.
Node_4,2026-05-21 09:36:13,43,52.93,0.048,-45.7,23.8,normal,-0.1422,False,
Node_3,2026-05-21 09:36:13,247,48.67,0.073,-52.9,17.6,suspicious_activity,-0.0244,True,Node_3 normalden fazla veri gönderdiği için şüpheli aktivite olarak işaretlendi.
Node_2,2026-05-21 09:36:13,35,44.76,0.741,-74.1,33.8,communication_error,0.0038,True,Node_2 yüksek hata oranı nedeniyle iletişim problemi olarak işaretlendi.
Node_1,2026-05-21 09:36:13,33,38.0,0.038,-58.3,9.4,normal,-0.1657,False,
Node_10,2026-05-21 09:36:33,35,56.97,0.055,-57.9,11.5,normal,-0.2075,False,
Node_9,2026-05-21 09:36:33,13,32.38,0.185,-56.1,134.1,packet_loss,-0.0367,True,Node_9 yüksek iletim gecikmesi nedeniyle paket kaybı riski taşıyor.
Node_8,2026-05-21 09:36:33,22,44.49,0.059,-53.0,12.0,normal,-0.1882,False,
Node_7,2026-05-21 09:36:33,33,32.44,0.018,-63.8,12.3,normal,-0.135,False,
Node_6,2026-05-21 09:36:33,23,32.16,0.017,-61.3,15.5,normal,-0.1461,False,
Node_5,2026-05-21 09:36:33,17,10.8,0.051,-68.8,31.3,energy_drop,-0.0742,True,Node_5 pil seviyesinde ani düşüş olduğu için enerji anomalisi tespit edildi.
Node_4,2026-05-21 09:36:33,27,52.76,0.016,-48.3,10.2,normal,-0.1731,False,
Node_3,2026-05-21 09:36:33,225,48.5,0.087,-78.3,15.0,suspicious_activity,0.0407,True,Node_3 normalden fazla veri gönderdiği için şüpheli aktivite olarak işaretlendi.
Node_2,2026-05-21 09:36:33,17,44.6,0.583,-67.2,33.2,communication_error,-0.0651,True,Node_2 yüksek hata oranı nedeniyle iletişim problemi olarak işaretlendi.
Node_1,2026-05-21 09:36:33,18,37.9,0.014,-61.8,12.8,normal,-0.142,False,
Node_10,2026-05-21 09:36:53,15,56.77,0.027,-64.5,24.8,normal,-0.161,False,
Node_9,2026-05-21 09:36:53,41,32.26,0.024,-51.4,19.3,normal,-0.1444,False,
Node_8,2026-05-21 09:36:53,21,44.32,0.016,-48.3,21.1,normal,-0.1596,False,
Node_7,2026-05-21 09:36:53,28,32.22,0.041,-45.3,9.8,normal,-0.1052,False,
Node_1,2026-05-21 09:36:53,15,37.72,0.049,-64.9,22.6,normal,-0.1469,False,
Node_5,2026-05-21 09:36:53,24,54.04,0.041,-47.1,19.2,normal,-0.1891,False,
Node_4,2026-05-21 09:36:53,40,52.52,0.011,-49.9,11.8,normal,-0.1572,False,
Node_3,2026-05-21 09:36:53,34,48.43,0.055,-64.6,16.7,normal,-0.1819,False,
Node_2,2026-05-21 09:36:53,38,44.44,0.074,-58.5,18.7,normal,-0.1878,False,
Node_6,2026-05-21 09:36:53,5,36.8,0.805,-66.6,241.0,node_failure,0.0059,True,Node_6 düğüm arızası olasılığı nedeniyle riskli olarak işaretlendi.
Node_7,2026-05-21 09:37:13,16,32.09,0.073,-64.6,15.6,normal,-0.1335,False,
Node_10,2026-05-21 09:37:13,29,56.55,0.014,-52.4,22.4,normal,-0.1805,False,
Node_8,2026-05-21 09:37:13,16,44.26,0.064,-60.2,5.5,normal,-0.1551,False,
Node_6,2026-05-21 09:37:13,24,31.9,0.044,-51.3,24.3,normal,-0.1514,False,
Node_9,2026-05-21 09:37:13,19,32.21,0.189,-61.8,216.4,packet_loss,-0.0222,True,Node_9 yüksek iletim gecikmesi nedeniyle paket kaybı riski taşıyor.
Node_4,2026-05-21 09:37:13,36,52.28,0.035,-61.7,7.8,normal,-0.1846,False,
Node_3,2026-05-21 09:37:13,33,48.38,0.075,-46.5,9.8,normal,-0.1593,False,
Node_5,2026-05-21 09:37:13,29,11.13,0.048,-56.7,38.1,energy_drop,-0.0907,True,Node_5 pil seviyesinde ani düşüş olduğu için enerji anomalisi tespit edildi.
Node_2,2026-05-21 09:37:13,21,44.31,0.683,-73.0,70.4,communication_error,-0.0144,True,Node_2 yüksek hata oranı nedeniyle iletişim problemi olarak işaretlendi.
Node_1,2026-05-21 09:37:13,26,37.66,0.06,-61.4,7.1,normal,-0.1682,False,
Node_10,2026-05-21 09:37:33,42,56.44,0.041,-61.4,20.7,normal,-0.19,False,
Node_8,2026-05-21 09:37:33,23,44.02,0.055,-58.1,11.4,normal,-0.1907,False,
Node_7,2026-05-21 09:37:33,40,31.92,0.05,-51.6,21.7,node_silence,-0.1467,True,Node_7 uzun süre veri göndermediği için sessizlik anomalisi oluştu.
Node_6,2026-05-21 09:37:33,31,31.67,0.045,-57.6,17.3,normal,-0.1561,False,
Node_9,2026-05-21 09:37:33,37,32.0,0.028,-64.7,14.4,normal,-0.132,False,
Node_4,2026-05-21 09:37:33,25,52.16,0.076,-46.8,14.7,normal,-0.1707,False,
Node_3,2026-05-21 09:37:33,25,48.27,0.062,-63.4,11.2,normal,-0.1886,False,
Node_2,2026-05-21 09:37:33,18,44.12,0.054,-59.0,8.7,normal,-0.1683,False,
Node_1,2026-05-21 09:37:33,43,37.52,0.032,-60.0,14.1,normal,-0.1561,False,
Node_5,2026-05-21 09:37:33,36,53.71,0.055,-64.1,23.7,normal,-0.1911,False,
Node_10,2026-05-21 09:37:53,16,56.25,0.039,-49.1,15.1,normal,-0.1825,False,
Node_9,2026-05-21 09:37:53,12,31.88,0.224,-79.2,265.7,packet_loss,0.0311,True,Node_9 yüksek iletim gecikmesi nedeniyle paket kaybı riski taşıyor.
Node_8,2026-05-21 09:37:53,45,43.8,0.05,-54.8,15.7,normal,-0.1635,False,
Node_7,2026-05-21 09:37:53,41,31.86,0.039,-56.7,10.4,normal,-0.144,False,
Node_6,2026-05-21 09:37:53,37,31.5,0.074,-60.0,5.4,normal,-0.1318,False,
Node_5,2026-05-21 09:37:53,45,53.51,0.035,-49.0,6.2,normal,-0.148,False,
Node_4,2026-05-21 09:37:53,31,51.97,0.04,-50.2,9.0,normal,-0.1932,False,
Node_3,2026-05-21 09:37:53,23,48.2,0.042,-45.6,16.9,normal,-0.1577,False,
Node_2,2026-05-21 09:37:53,25,43.92,0.509,-57.3,49.5,communication_error,-0.0659,True,Node_2 yüksek hata oranı nedeniyle iletişim problemi olarak işaretlendi.
Node_1,2026-05-21 09:37:53,45,37.42,0.046,-48.3,20.4,normal,-0.1361,False,
Node_10,2026-05-21 09:38:13,35,56.1,0.048,-63.7,8.7,normal,-0.1879,False,
Node_9,2026-05-21 09:38:13,17,31.74,0.03,-60.4,23.2,normal,-0.1399,False,
Node_8,2026-05-21 09:38:13,15,43.61,0.049,-52.2,17.8,normal,-0.1665,False,
Node_7,2026-05-21 09:38:13,44,31.77,0.072,-48.3,6.3,normal,-0.114,False,
Node_1,2026-05-21 09:38:13,22,37.2,0.027,-61.3,13.4,normal,-0.1714,False,
Node_5,2026-05-21 09:38:13,29,53.41,0.024,-57.1,16.8,normal,-0.1919,False,
Node_4,2026-05-21 09:38:13,16,51.82,0.05,-52.3,19.1,normal,-0.1788,False,
Node_3,2026-05-21 09:38:13,236,48.12,0.128,-75.8,21.7,suspicious_activity,0.0407,True,Node_3 normalden fazla veri gönderdiği için şüpheli aktivite olarak işaretlendi.
Node_2,2026-05-21 09:38:13,30,43.69,0.058,-58.4,21.8,normal,-0.1953,False,
Node_6,2026-05-21 09:38:13,1,23.03,0.618,-57.0,386.4,node_failure,0.0587,True,Node_6 düğüm arızası olasılığı nedeniyle riskli olarak işaretlendi.
Node_7,2026-05-21 09:38:33,30,31.59,0.097,-71.9,29.6,node_silence,-0.083,True,Node_7 uzun süre veri göndermediği için sessizlik anomalisi oluştu.
Node_10,2026-05-21 09:38:33,39,56.02,0.039,-45.4,20.8,normal,-0.1479,False,
Node_8,2026-05-21 09:38:33,24,43.52,0.037,-57.2,20.5,normal,-0.1868,False,
Node_6,2026-05-21 09:38:33,4,18.15,0.852,-55.7,467.3,node_failure,0.0935,True,Node_6 düğüm arızası olasılığı nedeniyle riskli olarak işaretlendi.
Node_9,2026-05-21 09:38:33,42,31.59,0.038,-55.7,8.8,normal,-0.1332,False,
Node_4,2026-05-21 09:38:33,37,51.65,0.066,-46.6,14.6,normal,-0.1679,False,
Node_3,2026-05-21 09:38:33,316,48.03,0.066,-70.2,31.1,suspicious_activity,0.0231,True,Node_3 normalden fazla veri gönderdiği için şüpheli aktivite olarak işaretlendi.
Node_5,2026-05-21 09:38:33,26,12.85,0.077,-55.1,47.5,energy_drop,-0.0769,True,Node_5 pil seviyesinde ani düşüş olduğu için enerji anomalisi tespit edildi.
Node_2,2026-05-21 09:38:33,33,43.55,0.354,-53.8,55.2,communication_error,-0.0674,True,Node_2 yüksek hata oranı nedeniyle iletişim problemi olarak işaretlendi.
Node_1,2026-05-21 09:38:33,28,37.02,0.037,-61.9,16.6,normal,-0.1757,False,
Node_10,2026-05-21 09:38:53,37,55.8,0.024,-64.4,10.6,normal,-0.1781,False,
Node_9,2026-05-21 09:38:53,15,31.46,0.317,-66.4,218.7,packet_loss,-0.0236,True,Node_9 yüksek iletim gecikmesi nedeniyle paket kaybı riski taşıyor.
Node_8,2026-05-21 09:38:53,39,43.31,0.044,-57.5,21.9,normal,-0.1788,False,
Node_7,2026-05-21 09:38:53,27,31.41,0.054,-64.4,19.7,normal,-0.1535,False,
Node_4,2026-05-21 09:38:53,17,51.5,0.019,-49.3,7.0,normal,-0.1538,False,
Node_5,2026-05-21 09:38:53,17,13.9,0.075,-59.1,27.2,energy_drop,-0.1013,True,Node_5 pil seviyesinde ani düşüş olduğu için enerji anomalisi tespit edildi.
Node_3,2026-05-21 09:38:53,44,47.87,0.021,-52.6,12.3,normal,-0.1632,False,
Node_2,2026-05-21 09:38:53,34,43.45,0.674,-55.1,52.2,communication_error,0.0001,True,Node_2 yüksek hata oranı nedeniyle iletişim problemi olarak işaretlendi.
Node_1,2026-05-21 09:38:53,21,36.79,0.055,-59.1,21.9,normal,-0.1758,False,
Node_6,2026-05-21 09:38:53,33,30.87,0.052,-46.1,22.5,normal,-0.1171,False,
Node_10,2026-05-21 09:39:13,29,55.69,0.043,-59.8,14.7,normal,-0.2023,False,
Node_8,2026-05-21 09:39:13,44,43.23,0.048,-64.5,10.0,normal,-0.1531,False,
Node_7,2026-05-21 09:39:13,18,31.31,0.027,-57.8,11.2,normal,-0.1409,False,
Node_6,2026-05-21 09:39:13,23,30.7,0.058,-54.0,24.5,normal,-0.1518,False,
Node_9,2026-05-21 09:39:13,24,31.33,0.079,-56.5,24.5,normal,-0.1529,False,
Node_4,2026-05-21 09:39:13,36,51.41,0.056,-53.2,17.9,normal,-0.1952,False,
Node_3,2026-05-21 09:39:13,237,47.66,0.097,-61.0,33.3,suspicious_activity,0.0016,True,Node_3 normalden fazla veri gönderdiği için şüpheli aktivite olarak işaretlendi.
Node_2,2026-05-21 09:39:13,20,43.28,0.596,-78.2,70.4,communication_error,0.0025,True,Node_2 yüksek hata oranı nedeniyle iletişim problemi olarak işaretlendi.
Node_5,2026-05-21 09:39:13,10,12.74,0.07,-75.3,33.0,energy_drop,-0.0189,True,Node_5 pil seviyesinde ani düşüş olduğu için enerji anomalisi tespit edildi.
Node_1,2026-05-21 09:39:13,41,36.66,0.035,-59.8,22.8,normal,-0.1602,False,
Node_10,2026-05-21 09:39:33,35,55.55,0.023,-63.2,20.2,normal,-0.1899,False,
Node_8,2026-05-21 09:39:33,15,43.04,0.054,-52.3,23.0,normal,-0.1623,False,
Node_7,2026-05-21 09:39:33,24,31.2,0.074,-56.4,15.3,normal,-0.1598,False,
Node_6,2026-05-21 09:39:33,3,26.83,0.922,-60.5,464.4,node_failure,0.0847,True,Node_6 düğüm arızası olasılığı nedeniyle riskli olarak işaretlendi.
Node_9,2026-05-21 09:39:33,41,31.1,0.063,-58.9,23.7,normal,-0.1427,False,
Node_3,2026-05-21 09:39:33,15,47.55,0.025,-58.2,6.4,normal,-0.1484,False,
Node_2,2026-05-21 09:39:33,20,43.15,0.042,-62.3,18.3,normal,-0.1809,False,
Node_1,2026-05-21 09:39:33,28,36.5,0.069,-53.2,15.3,normal,-0.1748,False,
Node_5,2026-05-21 09:39:33,43,53.03,0.073,-60.0,22.3,normal,-0.1787,False,
Node_4,2026-05-21 09:39:33,21,51.32,0.072,-47.6,8.5,normal,-0.1752,False,
Node_10,2026-05-21 09:39:53,18,55.34,0.061,-59.6,5.2,normal,-0.1725,False,
Node_1,2026-05-21 09:39:53,39,36.35,0.049,-62.3,22.4,normal,-0.1601,False,
Node_2,2026-05-21 09:39:53,19,43.04,0.079,-54.3,13.3,normal,-0.1771,False,
Node_3,2026-05-21 09:39:53,248,47.42,0.074,-58.0,32.3,suspicious_activity,-0.0198,True,Node_3 normalden fazla veri gönderdiği için şüpheli aktivite olarak işaretlendi.
Node_4,2026-05-21 09:39:53,32,51.16,0.037,-49.9,24.6,normal,-0.1871,False,
Node_5,2026-05-21 09:39:53,23,52.84,0.055,-63.3,14.0,normal,-0.1963,False,
Node_6,2026-05-21 09:39:53,36,30.41,0.024,-48.3,19.3,normal,-0.1405,False,
Node_7,2026-05-21 09:39:53,20,31.09,0.059,-54.4,8.1,normal,-0.1412,False,
Node_8,2026-05-21 09:39:53,33,42.91,0.02,-54.5,8.2,normal,-0.1572,False,
Node_9,2026-05-21 09:39:53,10,31.02,0.244,-60.7,270.4,packet_loss,0.0023,True,Node_9 yüksek iletim gecikmesi nedeniyle paket kaybı riski taşıyor.
